
2026-08-05 21:55:55 health_watch start ports=18180,18181,18182 interval=300s full_every=6 log=logs/industrial_tipv2_soak_48h_rerun.log
2026-08-05 21:55:58 OK port 18180 [quick] height=2633 peers=2 p2p=aligned aligned=True failed=
2026-08-05 21:56:01 OK port 18181 [quick] height=2633 peers=2 p2p=aligned aligned=True failed=
2026-08-05 21:56:04 OK port 18182 [quick] height=2633 peers=2 p2p=aligned aligned=True failed=
2026-08-05 21:56:04 OK mesh aligned 18180:h2633/p2 18181:h2633/p2 18182:h2633/p2
2026-08-05 22:01:07 OK port 18180 [quick] height=2638 peers=2 p2p=aligned aligned=True failed=
2026-08-05 22:01:10 OK port 18181 [quick] height=2638 peers=2 p2p=aligned aligned=True failed=
2026-08-05 22:01:13 OK port 18182 [quick] height=2638 peers=2 p2p=aligned aligned=True failed=
2026-08-05 22:01:13 OK mesh aligned 18180:h2638/p2 18181:h2638/p2 18182:h2638/p2
2026-08-05 22:06:16 OK port 18180 [quick] height=2641 peers=2 p2p=aligned aligned=True failed=
2026-08-05 22:06:17 OK port 18181 [quick] height=2641 peers=2 p2p=aligned aligned=True failed=
2026-08-05 22:06:17 OK port 18182 [quick] height=2641 peers=2 p2p=aligned aligned=True failed=
2026-08-05 22:06:17 OK mesh aligned 18180:h2641/p2 18181:h2641/p2 18182:h2641/p2
2026-08-05 22:11:20 OK port 18180 [quick] height=2646 peers=2 p2p=aligned aligned=True failed=
2026-08-05 22:11:23 OK port 18181 [quick] height=2646 peers=2 p2p=aligned aligned=True failed=
2026-08-05 22:11:26 OK port 18182 [quick] height=2646 peers=2 p2p=aligned aligned=True failed=
2026-08-05 22:11:26 OK mesh aligned 18180:h2646/p2 18181:h2646/p2 18182:h2646/p2
2026-08-05 22:16:29 OK port 18180 [quick] height=2651 peers=2 p2p=aligned aligned=True failed=
2026-08-05 22:16:32 OK port 18181 [quick] height=2651 peers=2 p2p=aligned aligned=True failed=
2026-08-05 22:16:35 OK port 18182 [quick] height=2651 peers=2 p2p=aligned aligned=True failed=
2026-08-05 22:16:36 OK mesh aligned 18180:h2651/p2 18181:h2651/p2 18182:h2651/p2
2026-08-05 22:21:44 WARN OK port 18180 [full] height=2655 peers=2 p2p=inconsistent aligned=True failed=peer_probe_ok,p2p_state_consistent
2026-08-05 22:21:44 OK port 18181 [full] height=2655 peers=2 p2p=aligned aligned=True failed=
2026-08-05 22:21:44 OK port 18182 [full] height=2655 peers=2 p2p=aligned aligned=True failed=
2026-08-05 22:21:44 OK mesh aligned 18180:h2655/p2 18181:h2655/p2 18182:h2655/p2
2026-08-05 22:26:47 OK port 18180 [quick] height=2659 peers=2 p2p=aligned aligned=True failed=
2026-08-05 22:26:51 OK port 18181 [quick] height=2659 peers=2 p2p=aligned aligned=True failed=
2026-08-05 22:26:54 OK port 18182 [quick] height=2659 peers=2 p2p=aligned aligned=True failed=
2026-08-05 22:26:54 OK mesh aligned 18180:h2659/p2 18181:h2659/p2 18182:h2659/p2
2026-08-05 22:31:57 OK port 18180 [quick] height=2663 peers=2 p2p=aligned aligned=True failed=
2026-08-05 22:32:00 OK port 18181 [quick] height=2663 peers=2 p2p=aligned aligned=True failed=
2026-08-05 22:32:00 OK port 18182 [quick] height=2663 peers=2 p2p=aligned aligned=True failed=
2026-08-05 22:32:00 OK mesh aligned 18180:h2663/p2 18181:h2663/p2 18182:h2663/p2
2026-08-05 22:37:03 OK port 18180 [quick] height=2667 peers=2 p2p=aligned aligned=True failed=
2026-08-05 22:37:06 OK port 18181 [quick] height=2667 peers=2 p2p=aligned aligned=True failed=
2026-08-05 22:37:09 OK port 18182 [quick] height=2667 peers=2 p2p=aligned aligned=True failed=
2026-08-05 22:37:09 OK mesh aligned 18180:h2667/p2 18181:h2667/p2 18182:h2667/p2
2026-08-05 22:42:13 OK port 18180 [quick] height=2670 peers=2 p2p=aligned aligned=True failed=
2026-08-05 22:42:16 OK port 18181 [quick] height=2670 peers=2 p2p=aligned aligned=True failed=
2026-08-05 22:42:16 OK port 18182 [quick] height=2670 peers=2 p2p=aligned aligned=True failed=
2026-08-05 22:42:16 OK mesh aligned 18180:h2670/p2 18181:h2670/p2 18182:h2670/p2
2026-08-05 22:47:19 OK port 18180 [quick] height=2673 peers=2 p2p=aligned aligned=True failed=
2026-08-05 22:47:22 OK port 18181 [quick] height=2673 peers=2 p2p=aligned aligned=True failed=
2026-08-05 22:47:25 OK port 18182 [quick] height=2673 peers=2 p2p=aligned aligned=True failed=
2026-08-05 22:47:25 OK mesh aligned 18180:h2673/p2 18181:h2673/p2 18182:h2673/p2
2026-08-05 22:52:32 OK port 18180 [full] height=2676 peers=2 p2p=aligned aligned=True failed=
2026-08-05 22:52:32 OK port 18181 [full] height=2676 peers=2 p2p=aligned aligned=True failed=
2026-08-05 22:52:39 OK port 18182 [full] height=2676 peers=2 p2p=aligned aligned=True failed=
2026-08-05 22:52:39 OK mesh aligned 18180:h2677/p2 18181:h2677/p2 18182:h2677/p2
2026-08-05 22:57:42 OK port 18180 [quick] height=2681 peers=2 p2p=aligned aligned=True failed=
2026-08-05 22:57:45 OK port 18181 [quick] height=2681 peers=2 p2p=aligned aligned=True failed=
2026-08-05 22:57:48 OK port 18182 [quick] height=2681 peers=2 p2p=aligned aligned=True failed=
2026-08-05 22:57:48 OK mesh aligned 18180:h2681/p2 18181:h2681/p2 18182:h2681/p2
2026-08-05 23:02:51 OK port 18180 [quick] height=2686 peers=2 p2p=aligned aligned=True failed=
2026-08-05 23:02:54 OK port 18181 [quick] height=2686 peers=2 p2p=aligned aligned=True failed=
2026-08-05 23:02:57 OK port 18182 [quick] height=2686 peers=2 p2p=aligned aligned=True failed=
2026-08-05 23:02:58 OK mesh aligned 18180:h2686/p2 18181:h2686/p2 18182:h2686/p2
2026-08-05 23:08:01 OK port 18180 [quick] height=2689 peers=2 p2p=aligned aligned=True failed=
2026-08-05 23:08:04 OK port 18181 [quick] height=2689 peers=2 p2p=aligned aligned=True failed=
2026-08-05 23:08:07 OK port 18182 [quick] height=2689 peers=2 p2p=aligned aligned=True failed=
2026-08-05 23:08:07 OK mesh aligned 18180:h2689/p2 18181:h2689/p2 18182:h2689/p2
2026-08-05 23:13:30 WARN OK port 18180 [quick] height=2691 peers=0 p2p=solo aligned=True failed=ready_flap
2026-08-05 23:13:30 WARN OK port 18181 [quick] height=2691 peers=1 p2p=under_mesh aligned=True failed=p2p_state_consistent
2026-08-05 23:13:31 OK port 18182 [quick] height=2691 peers=1 p2p=under_mesh aligned=True failed= (p2p not full mesh; chain OK)
2026-08-05 23:13:31 OK mesh aligned 18180:h2691/p0 18181:h2691/p1 18182:h2691/p1
2026-08-05 23:18:54 WARN OK port 18180 [quick] height=2691 peers=0 p2p=solo aligned=True failed=ready_flap
2026-08-05 23:18:54 WARN OK port 18181 [quick] height=2691 peers=1 p2p=under_mesh aligned=True failed=p2p_state_consistent
2026-08-05 23:18:54 OK port 18182 [quick] height=2691 peers=1 p2p=under_mesh aligned=True failed= (p2p not full mesh; chain OK)
2026-08-05 23:18:54 OK mesh aligned 18180:h2691/p0 18181:h2691/p1 18182:h2691/p1
2026-08-05 23:24:03 WARN OK port 18180 [full] height=2693 peers=2 p2p=aligned aligned=True failed=peer_probe_ok
2026-08-05 23:24:11 WARN OK port 18181 [full] height=2693 peers=2 p2p=aligned aligned=True failed=peer_probe_ok
2026-08-05 23:24:19 WARN OK port 18182 [full] height=2693 peers=2 p2p=aligned aligned=True failed=peer_probe_ok
2026-08-05 23:24:19 OK mesh aligned 18180:h2693/p2 18181:h2693/p2 18182:h2693/p2
2026-08-05 23:29:22 OK port 18180 [quick] height=2696 peers=2 p2p=aligned aligned=True failed=
2026-08-05 23:29:25 OK port 18181 [quick] height=2696 peers=2 p2p=aligned aligned=True failed=
2026-08-05 23:29:29 OK port 18182 [quick] height=2696 peers=2 p2p=aligned aligned=True failed=
2026-08-05 23:29:29 OK mesh aligned 18180:h2696/p2 18181:h2696/p2 18182:h2696/p2
2026-08-05 23:34:30 OK port 18180 [quick] height=2698 peers=2 p2p=inconsistent aligned=True failed=
2026-08-05 23:34:30 OK port 18181 [quick] height=2698 peers=2 p2p=aligned aligned=True failed=
2026-08-05 23:34:31 OK port 18182 [quick] height=2698 peers=2 p2p=aligned aligned=True failed=
2026-08-05 23:34:31 OK mesh aligned 18180:h2698/p2 18181:h2698/p2 18182:h2698/p2
2026-08-05 23:39:34 WARN OK port 18180 [quick] height=2702 peers=2 p2p=inconsistent aligned=True failed=peer_probe_ok,p2p_state_consistent
2026-08-05 23:39:37 OK port 18181 [quick] height=2702 peers=2 p2p=aligned aligned=True failed=
2026-08-05 23:39:40 WARN OK port 18182 [quick] height=2702 peers=2 p2p=inconsistent aligned=True failed=peer_probe_ok,p2p_state_consistent
2026-08-05 23:39:40 OK mesh aligned 18180:h2702/p2 18181:h2702/p2 18182:h2702/p2
2026-08-05 23:44:43 WARN OK port 18180 [quick] height=2705 peers=2 p2p=inconsistent aligned=True failed=peer_probe_ok,p2p_state_consistent
2026-08-05 23:44:47 WARN OK port 18181 [quick] height=2705 peers=2 p2p=inconsistent aligned=True failed=peer_probe_ok,p2p_state_consistent
2026-08-05 23:44:50 OK port 18182 [quick] height=2705 peers=2 p2p=aligned aligned=True failed=
2026-08-05 23:44:50 OK mesh aligned 18180:h2705/p2 18181:h2705/p2 18182:h2705/p2
2026-08-05 23:49:53 OK port 18180 [quick] height=2708 peers=2 p2p=aligned aligned=True failed=
2026-08-05 23:49:56 OK port 18181 [quick] height=2708 peers=2 p2p=aligned aligned=True failed=
2026-08-05 23:49:59 OK port 18182 [quick] height=2708 peers=2 p2p=aligned aligned=True failed=
2026-08-05 23:49:59 OK mesh aligned 18180:h2708/p2 18181:h2708/p2 18182:h2708/p2
2026-08-05 23:55:07 WARN OK port 18180 [full] height=2711 peers=2 p2p=inconsistent aligned=True failed=peer_probe_ok,p2p_state_consistent
2026-08-05 23:55:08 OK port 18181 [full] height=2711 peers=2 p2p=aligned aligned=True failed=
2026-08-05 23:55:08 OK port 18182 [full] height=2711 peers=2 p2p=aligned aligned=True failed=
2026-08-05 23:55:08 OK mesh aligned 18180:h2711/p2 18181:h2711/p2 18182:h2711/p2
2026-08-06 00:00:11 OK port 18180 [quick] height=2716 peers=2 p2p=aligned aligned=True failed=
2026-08-06 00:00:14 OK port 18181 [quick] height=2716 peers=2 p2p=aligned aligned=True failed=
2026-08-06 00:00:18 OK port 18182 [quick] height=2716 peers=2 p2p=aligned aligned=True failed=
2026-08-06 00:00:18 OK mesh aligned 18180:h2716/p2 18181:h2716/p2 18182:h2716/p2
2026-08-06 00:05:21 OK port 18180 [quick] height=2720 peers=2 p2p=aligned aligned=True failed=
2026-08-06 00:05:24 OK port 18181 [quick] height=2720 peers=2 p2p=aligned aligned=True failed=
2026-08-06 00:05:27 OK port 18182 [quick] height=2720 peers=2 p2p=aligned aligned=True failed=
2026-08-06 00:05:27 OK mesh aligned 18180:h2720/p2 18181:h2720/p2 18182:h2720/p2
2026-08-06 00:10:30 OK port 18180 [quick] height=2724 peers=2 p2p=aligned aligned=True failed=
2026-08-06 00:10:33 OK port 18181 [quick] height=2724 peers=2 p2p=aligned aligned=True failed=
2026-08-06 00:10:37 OK port 18182 [quick] height=2724 peers=2 p2p=aligned aligned=True failed=
2026-08-06 00:10:37 OK mesh aligned 18180:h2724/p2 18181:h2724/p2 18182:h2724/p2
2026-08-06 00:15:40 OK port 18180 [quick] height=2727 peers=2 p2p=aligned aligned=True failed=
2026-08-06 00:15:43 OK port 18181 [quick] height=2727 peers=2 p2p=aligned aligned=True failed=
2026-08-06 00:15:44 OK port 18182 [quick] height=2727 peers=2 p2p=aligned aligned=True failed=
2026-08-06 00:15:44 OK mesh aligned 18180:h2727/p2 18181:h2727/p2 18182:h2727/p2
2026-08-06 00:20:47 OK port 18180 [quick] height=2730 peers=2 p2p=aligned aligned=True failed=
2026-08-06 00:20:47 WARN OK port 18181 [quick] height=2730 peers=2 p2p=inconsistent aligned=True failed=p2p_state_consistent
2026-08-06 00:20:51 WARN OK port 18182 [quick] height=2730 peers=2 p2p=inconsistent aligned=True failed=peer_probe_ok,p2p_state_consistent
2026-08-06 00:20:51 OK mesh aligned 18180:h2731/p2 18181:h2730/p2 18182:h2730/p2
2026-08-06 00:25:59 WARN OK port 18180 [full] height=2734 peers=2 p2p=aligned aligned=True failed=peer_probe_ok
2026-08-06 00:26:07 WARN OK port 18181 [full] height=2734 peers=2 p2p=aligned aligned=True failed=peer_probe_ok
2026-08-06 00:26:16 WARN OK port 18182 [full] height=2734 peers=2 p2p=aligned aligned=True failed=peer_probe_ok
2026-08-06 00:26:16 OK mesh aligned 18180:h2734/p2 18181:h2734/p2 18182:h2734/p2
2026-08-06 00:31:19 OK port 18180 [quick] height=2737 peers=2 p2p=aligned aligned=True failed=
2026-08-06 00:31:22 OK port 18181 [quick] height=2737 peers=2 p2p=aligned aligned=True failed=
2026-08-06 00:31:25 OK port 18182 [quick] height=2737 peers=2 p2p=aligned aligned=True failed=
2026-08-06 00:31:25 OK mesh aligned 18180:h2737/p2 18181:h2737/p2 18182:h2737/p2
2026-08-06 00:36:28 OK port 18180 [quick] height=2741 peers=2 p2p=aligned aligned=True failed=
2026-08-06 00:36:31 OK port 18181 [quick] height=2741 peers=2 p2p=aligned aligned=True failed=
2026-08-06 00:36:35 WARN OK port 18182 [quick] height=2741 peers=2 p2p=inconsistent aligned=True failed=peer_probe_ok,p2p_state_consistent
2026-08-06 00:36:35 OK mesh aligned 18180:h2741/p2 18181:h2741/p2 18182:h2741/p2
2026-08-06 00:41:38 OK port 18180 [quick] height=2745 peers=2 p2p=aligned aligned=True failed=
2026-08-06 00:41:41 WARN OK port 18181 [quick] height=2745 peers=2 p2p=inconsistent aligned=True failed=peer_probe_ok,p2p_state_consistent
2026-08-06 00:41:44 OK port 18182 [quick] height=2745 peers=2 p2p=aligned aligned=True failed=
2026-08-06 00:41:44 OK mesh aligned 18180:h2745/p2 18181:h2745/p2 18182:h2745/p2
2026-08-06 00:46:47 OK port 18180 [quick] height=2748 peers=2 p2p=aligned aligned=True failed=
2026-08-06 00:46:50 OK port 18181 [quick] height=2748 peers=2 p2p=aligned aligned=True failed=
2026-08-06 00:46:54 OK port 18182 [quick] height=2748 peers=2 p2p=aligned aligned=True failed=
2026-08-06 00:46:54 OK mesh aligned 18180:h2748/p2 18181:h2748/p2 18182:h2748/p2
2026-08-06 00:51:57 OK port 18180 [quick] height=2752 peers=2 p2p=aligned aligned=True failed=
2026-08-06 00:52:00 OK port 18181 [quick] height=2752 peers=2 p2p=aligned aligned=True failed=
2026-08-06 00:52:03 WARN OK port 18182 [quick] height=2752 peers=2 p2p=inconsistent aligned=True failed=peer_probe_ok,p2p_state_consistent
2026-08-06 00:52:03 OK mesh aligned 18180:h2752/p2 18181:h2752/p2 18182:h2752/p2
2026-08-06 00:57:12 WARN OK port 18180 [full] height=2755 peers=2 p2p=aligned aligned=True failed=peer_probe_ok,p2p_state_consistent
2026-08-06 00:57:14 WARN OK port 18181 [full] height=2755 peers=2 p2p=inconsistent aligned=True failed=p2p_state_consistent
2026-08-06 00:57:22 WARN OK port 18182 [full] height=2756 peers=2 p2p=aligned aligned=True failed=peer_probe_ok
2026-08-06 00:57:23 OK mesh aligned 18180:h2756/p2 18181:h2756/p2 18182:h2756/p2
2026-08-06 01:02:26 WARN OK port 18180 [quick] height=2759 peers=2 p2p=inconsistent aligned=True failed=peer_probe_ok,p2p_state_consistent
2026-08-06 01:02:29 OK port 18181 [quick] height=2759 peers=2 p2p=aligned aligned=True failed=
2026-08-06 01:02:32 WARN OK port 18182 [quick] height=2759 peers=2 p2p=inconsistent aligned=True failed=peer_probe_ok,p2p_state_consistent
2026-08-06 01:02:32 OK mesh aligned 18180:h2759/p2 18181:h2759/p2 18182:h2759/p2
2026-08-06 01:07:35 WARN OK port 18180 [quick] height=2763 peers=2 p2p=inconsistent aligned=True failed=peer_probe_ok,p2p_state_consistent
2026-08-06 01:07:39 OK port 18181 [quick] height=2763 peers=2 p2p=aligned aligned=True failed=
2026-08-06 01:07:42 WARN OK port 18182 [quick] height=2763 peers=2 p2p=inconsistent aligned=True failed=peer_probe_ok,p2p_state_consistent
2026-08-06 01:07:42 OK mesh aligned 18180:h2763/p2 18181:h2763/p2 18182:h2763/p2
2026-08-06 01:12:45 WARN OK port 18180 [quick] height=2766 peers=2 p2p=inconsistent aligned=True failed=peer_probe_ok,p2p_state_consistent
2026-08-06 01:12:48 WARN OK port 18181 [quick] height=2766 peers=2 p2p=inconsistent aligned=True failed=peer_probe_ok,p2p_state_consistent
2026-08-06 01:12:51 WARN OK port 18182 [quick] height=2766 peers=2 p2p=inconsistent aligned=True failed=peer_probe_ok,p2p_state_consistent
2026-08-06 01:12:51 OK mesh aligned 18180:h2766/p2 18181:h2766/p1 18182:h2766/p1
2026-08-06 01:17:55 OK port 18180 [quick] height=2771 peers=2 p2p=aligned aligned=True failed=
2026-08-06 01:17:58 OK port 18181 [quick] height=2771 peers=2 p2p=aligned aligned=True failed=
2026-08-06 01:18:01 OK port 18182 [quick] height=2771 peers=2 p2p=aligned aligned=True failed=
2026-08-06 01:18:01 OK mesh aligned 18180:h2771/p2 18181:h2771/p2 18182:h2771/p2
2026-08-06 01:23:04 OK port 18180 [quick] height=2775 peers=2 p2p=aligned aligned=True failed=
2026-08-06 01:23:07 OK port 18181 [quick] height=2775 peers=2 p2p=aligned aligned=True failed=
2026-08-06 01:23:11 OK port 18182 [quick] height=2775 peers=2 p2p=aligned aligned=True failed=
2026-08-06 01:23:11 OK mesh aligned 18180:h2775/p2 18181:h2775/p2 18182:h2775/p2
2026-08-06 01:28:19 WARN OK port 18180 [full] height=2780 peers=2 p2p=aligned aligned=True failed=peer_probe_ok
2026-08-06 01:28:27 WARN OK port 18181 [full] height=2780 peers=2 p2p=aligned aligned=True failed=peer_probe_ok
2026-08-06 01:28:36 WARN OK port 18182 [full] height=2780 peers=2 p2p=inconsistent aligned=True failed=peer_probe_ok,p2p_state_consistent
2026-08-06 01:28:36 OK mesh aligned 18180:h2780/p2 18181:h2780/p2 18182:h2780/p2
2026-08-06 01:33:39 OK port 18180 [quick] height=2784 peers=2 p2p=aligned aligned=True failed=
2026-08-06 01:33:42 WARN OK port 18181 [quick] height=2784 peers=2 p2p=inconsistent aligned=True failed=peer_probe_ok,p2p_state_consistent
2026-08-06 01:33:45 OK port 18182 [quick] height=2784 peers=2 p2p=aligned aligned=True failed=
2026-08-06 01:33:45 OK mesh aligned 18180:h2784/p2 18181:h2784/p2 18182:h2784/p2
2026-08-06 01:38:48 OK port 18180 [quick] height=2787 peers=2 p2p=aligned aligned=True failed=
2026-08-06 01:38:52 OK port 18181 [quick] height=2787 peers=2 p2p=aligned aligned=True failed=
2026-08-06 01:38:55 OK port 18182 [quick] height=2787 peers=2 p2p=aligned aligned=True failed=
2026-08-06 01:38:55 OK mesh aligned 18180:h2787/p2 18181:h2787/p2 18182:h2787/p2
2026-08-06 01:43:58 OK port 18180 [quick] height=2791 peers=2 p2p=aligned aligned=True failed=
2026-08-06 01:44:01 OK port 18181 [quick] height=2791 peers=2 p2p=aligned aligned=True failed=
2026-08-06 01:44:04 OK port 18182 [quick] height=2791 peers=2 p2p=aligned aligned=True failed=
2026-08-06 01:44:04 OK mesh aligned 18180:h2791/p2 18181:h2791/p2 18182:h2791/p2
2026-08-06 01:49:07 OK port 18180 [quick] height=2796 peers=2 p2p=inconsistent aligned=True failed=
2026-08-06 01:49:11 WARN OK port 18181 [quick] height=2796 peers=2 p2p=inconsistent aligned=True failed=peer_probe_ok,p2p_state_consistent
2026-08-06 01:49:14 OK port 18182 [quick] height=2796 peers=2 p2p=aligned aligned=True failed=
2026-08-06 01:49:14 OK mesh aligned 18180:h2796/p2 18181:h2796/p2 18182:h2796/p2
2026-08-06 01:54:17 OK port 18180 [quick] height=2800 peers=2 p2p=aligned aligned=True failed=
2026-08-06 01:54:20 WARN OK port 18181 [quick] height=2800 peers=2 p2p=inconsistent aligned=True failed=peer_probe_ok,p2p_state_consistent
2026-08-06 01:54:23 WARN OK port 18182 [quick] height=2800 peers=2 p2p=inconsistent aligned=True failed=peer_probe_ok,p2p_state_consistent
2026-08-06 01:54:23 OK mesh aligned 18180:h2800/p2 18181:h2800/p2 18182:h2800/p2
2026-08-06 01:59:31 WARN OK port 18180 [full] height=2802 peers=2 p2p=inconsistent aligned=True failed=peer_probe_ok,p2p_state_consistent
2026-08-06 01:59:38 OK port 18181 [full] height=2802 peers=2 p2p=aligned aligned=True failed=
2026-08-06 01:59:45 OK port 18182 [full] height=2802 peers=2 p2p=aligned aligned=True failed=
2026-08-06 01:59:45 OK mesh aligned 18180:h2802/p2 18181:h2802/p2 18182:h2802/p2
2026-08-06 02:04:48 WARN OK port 18180 [quick] height=2805 peers=2 p2p=inconsistent aligned=True failed=peer_probe_ok,p2p_state_consistent
2026-08-06 02:04:49 OK port 18181 [quick] height=2805 peers=2 p2p=aligned aligned=True failed=
2026-08-06 02:04:49 OK port 18182 [quick] height=2805 peers=2 p2p=aligned aligned=True failed=
2026-08-06 02:04:49 OK mesh aligned 18180:h2805/p2 18181:h2805/p2 18182:h2805/p2
2026-08-06 02:09:52 OK port 18180 [quick] height=2809 peers=2 p2p=aligned aligned=True failed=
2026-08-06 02:09:55 WARN OK port 18181 [quick] height=2809 peers=2 p2p=inconsistent aligned=True failed=peer_probe_ok,p2p_state_consistent
2026-08-06 02:09:58 OK port 18182 [quick] height=2809 peers=2 p2p=aligned aligned=True failed=
2026-08-06 02:09:59 OK mesh aligned 18180:h2809/p2 18181:h2809/p2 18182:h2809/p2
2026-08-06 02:15:02 WARN OK port 18180 [quick] height=2813 peers=2 p2p=inconsistent aligned=True failed=peer_probe_ok,p2p_state_consistent
2026-08-06 02:15:05 WARN OK port 18181 [quick] height=2813 peers=2 p2p=inconsistent aligned=True failed=peer_probe_ok,p2p_state_consistent
2026-08-06 02:15:08 OK port 18182 [quick] height=2813 peers=2 p2p=aligned aligned=True failed=
2026-08-06 02:15:08 OK mesh aligned 18180:h2813/p2 18181:h2813/p2 18182:h2813/p2
2026-08-06 02:20:11 WARN OK port 18180 [quick] height=2817 peers=2 p2p=inconsistent aligned=True failed=peer_probe_ok,p2p_state_consistent
2026-08-06 02:20:14 OK port 18181 [quick] height=2817 peers=2 p2p=aligned aligned=True failed=
2026-08-06 02:20:17 WARN OK port 18182 [quick] height=2817 peers=2 p2p=inconsistent aligned=True failed=peer_probe_ok,p2p_state_consistent
2026-08-06 02:20:17 OK mesh aligned 18180:h2817/p2 18181:h2817/p2 18182:h2817/p2
2026-08-06 02:25:20 OK port 18180 [quick] height=2820 peers=2 p2p=aligned aligned=True failed=
2026-08-06 02:25:23 OK port 18181 [quick] height=2820 peers=2 p2p=aligned aligned=True failed=
2026-08-06 02:25:26 OK port 18182 [quick] height=2820 peers=2 p2p=aligned aligned=True failed=
2026-08-06 02:25:26 OK mesh aligned 18180:h2820/p1 18181:h2820/p2 18182:h2820/p1
2026-08-06 02:30:35 WARN OK port 18180 [full] height=2823 peers=2 p2p=aligned aligned=True failed=peer_probe_ok
2026-08-06 02:30:43 WARN OK port 18181 [full] height=2823 peers=2 p2p=aligned aligned=True failed=peer_probe_ok
2026-08-06 02:30:43 OK port 18182 [full] height=2823 peers=2 p2p=aligned aligned=True failed=
2026-08-06 02:30:43 OK mesh aligned 18180:h2823/p2 18181:h2823/p2 18182:h2823/p2
2026-08-06 02:35:46 OK port 18180 [quick] height=2826 peers=2 p2p=aligned aligned=True failed=
2026-08-06 02:35:50 OK port 18181 [quick] height=2826 peers=2 p2p=aligned aligned=True failed=
2026-08-06 02:35:52 OK port 18182 [quick] height=2826 peers=2 p2p=aligned aligned=True failed=
2026-08-06 02:35:53 OK mesh aligned 18180:h2826/p2 18181:h2826/p2 18182:h2826/p2
2026-08-06 02:40:56 WARN OK port 18180 [quick] height=2829 peers=2 p2p=inconsistent aligned=True failed=peer_probe_ok,p2p_state_consistent
2026-08-06 02:40:56 OK port 18181 [quick] height=2829 peers=2 p2p=aligned aligned=True failed=
2026-08-06 02:40:56 OK port 18182 [quick] height=2829 peers=2 p2p=aligned aligned=True failed=
2026-08-06 02:40:56 OK mesh aligned 18180:h2829/p2 18181:h2829/p2 18182:h2829/p2
2026-08-06 02:45:59 OK port 18180 [quick] height=2833 peers=2 p2p=aligned aligned=True failed=
2026-08-06 02:46:03 OK port 18181 [quick] height=2833 peers=2 p2p=aligned aligned=True failed=
2026-08-06 02:46:06 OK port 18182 [quick] height=2833 peers=2 p2p=aligned aligned=True failed=
2026-08-06 02:46:06 OK mesh aligned 18180:h2833/p2 18181:h2833/p2 18182:h2833/p2
2026-08-06 02:51:09 OK port 18180 [quick] height=2835 peers=2 p2p=aligned aligned=True failed=
2026-08-06 02:51:12 OK port 18181 [quick] height=2835 peers=2 p2p=aligned aligned=True failed=
2026-08-06 02:51:15 OK port 18182 [quick] height=2835 peers=2 p2p=aligned aligned=True failed=
2026-08-06 02:51:15 OK mesh aligned 18180:h2835/p2 18181:h2835/p2 18182:h2835/p2
2026-08-06 02:56:38 WARN OK port 18180 [quick] height=2837 peers=0 p2p=solo aligned=True failed=ready_flap
2026-08-06 02:56:39 WARN OK port 18181 [quick] height=2837 peers=1 p2p=under_mesh aligned=True failed=p2p_state_consistent
2026-08-06 02:56:39 WARN OK port 18182 [quick] height=2837 peers=1 p2p=under_mesh aligned=True failed=p2p_state_consistent
2026-08-06 02:56:39 OK mesh aligned 18180:h2837/p0 18181:h2837/p1 18182:h2837/p1
2026-08-06 03:02:02 WARN OK port 18180 [full] height=2837 peers=0 p2p=solo aligned=True failed=ready_flap
2026-08-06 03:02:03 WARN OK port 18181 [full] height=2837 peers=1 p2p=under_mesh aligned=True failed=p2p_state_consistent
2026-08-06 03:02:03 WARN OK port 18182 [full] height=2837 peers=1 p2p=under_mesh aligned=True failed=p2p_state_consistent
2026-08-06 03:02:03 OK mesh aligned 18180:h2837/p0 18181:h2837/p1 18182:h2837/p1
2026-08-06 03:07:06 OK port 18180 [quick] height=2839 peers=2 p2p=aligned aligned=True failed=
2026-08-06 03:07:09 OK port 18181 [quick] height=2839 peers=2 p2p=aligned aligned=True failed=
2026-08-06 03:07:12 OK port 18182 [quick] height=2839 peers=2 p2p=aligned aligned=True failed=
2026-08-06 03:07:12 OK mesh aligned 18180:h2839/p2 18181:h2839/p2 18182:h2839/p2
2026-08-06 03:12:15 WARN OK port 18180 [quick] height=2842 peers=2 p2p=inconsistent aligned=True failed=peer_probe_ok,p2p_state_consistent
2026-08-06 03:12:16 OK port 18181 [quick] height=2842 peers=2 p2p=aligned aligned=True failed=
2026-08-06 03:12:16 OK port 18182 [quick] height=2842 peers=2 p2p=aligned aligned=True failed=
2026-08-06 03:12:16 OK mesh aligned 18180:h2842/p2 18181:h2842/p2 18182:h2842/p2
2026-08-06 03:17:19 OK port 18180 [quick] height=2846 peers=2 p2p=aligned aligned=True failed=
2026-08-06 03:17:22 WARN OK port 18181 [quick] height=2846 peers=2 p2p=inconsistent aligned=True failed=peer_probe_ok,p2p_state_consistent
2026-08-06 03:17:25 OK port 18182 [quick] height=2846 peers=2 p2p=aligned aligned=True failed=
2026-08-06 03:17:25 OK mesh aligned 18180:h2846/p2 18181:h2846/p2 18182:h2846/p2
2026-08-06 03:22:28 WARN OK port 18180 [quick] height=2848 peers=1 p2p=under_mesh aligned=True failed=peer_probe_ok,p2p_state_consistent
2026-08-06 03:22:29 WARN OK port 18181 [quick] height=2848 peers=1 p2p=under_mesh aligned=True failed=p2p_state_consistent
2026-08-06 03:22:29 OK port 18182 [quick] height=2848 peers=1 p2p=under_mesh aligned=True failed= (p2p not full mesh; chain OK)
2026-08-06 03:22:29 OK mesh aligned 18180:h2848/p1 18181:h2848/p1 18182:h2848/p1
2026-08-06 03:27:32 OK port 18180 [quick] height=2850 peers=2 p2p=aligned aligned=True failed=
2026-08-06 03:27:35 OK port 18181 [quick] height=2850 peers=2 p2p=aligned aligned=True failed=
2026-08-06 03:27:36 OK port 18182 [quick] height=2850 peers=1 p2p=under_mesh aligned=True failed= (p2p not full mesh; chain OK)
2026-08-06 03:27:36 OK mesh aligned 18180:h2850/p1 18181:h2850/p2 18182:h2850/p1
2026-08-06 03:32:45 WARN OK port 18180 [full] height=2854 peers=2 p2p=inconsistent aligned=True failed=peer_probe_ok,p2p_state_consistent
2026-08-06 03:32:53 WARN OK port 18181 [full] height=2854 peers=2 p2p=inconsistent aligned=True failed=peer_probe_ok,p2p_state_consistent
2026-08-06 03:33:01 WARN OK port 18182 [full] height=2854 peers=2 p2p=inconsistent aligned=True failed=peer_probe_ok,p2p_state_consistent
2026-08-06 03:33:01 OK mesh aligned 18180:h2854/p2 18181:h2854/p2 18182:h2854/p2
2026-08-06 03:38:04 WARN OK port 18180 [quick] height=2858 peers=2 p2p=inconsistent aligned=True failed=peer_probe_ok,p2p_state_consistent
2026-08-06 03:38:05 OK port 18181 [quick] height=2858 peers=2 p2p=aligned aligned=True failed=
2026-08-06 03:38:08 WARN OK port 18182 [quick] height=2858 peers=2 p2p=inconsistent aligned=True failed=peer_probe_ok,p2p_state_consistent
2026-08-06 03:38:08 OK mesh aligned 18180:h2858/p2 18181:h2858/p2 18182:h2858/p2
2026-08-06 03:43:11 OK port 18180 [quick] height=2863 peers=2 p2p=aligned aligned=True failed=
2026-08-06 03:43:15 OK port 18181 [quick] height=2863 peers=2 p2p=aligned aligned=True failed=
2026-08-06 03:43:18 OK port 18182 [quick] height=2863 peers=2 p2p=aligned aligned=True failed=
2026-08-06 03:43:18 OK mesh aligned 18180:h2863/p2 18181:h2863/p2 18182:h2863/p2
2026-08-06 03:48:21 OK port 18180 [quick] height=2867 peers=2 p2p=aligned aligned=True failed=
2026-08-06 03:48:24 WARN OK port 18181 [quick] height=2867 peers=2 p2p=inconsistent aligned=True failed=peer_probe_ok,p2p_state_consistent
2026-08-06 03:48:27 WARN OK port 18182 [quick] height=2867 peers=2 p2p=inconsistent aligned=True failed=peer_probe_ok,p2p_state_consistent
2026-08-06 03:48:27 OK mesh aligned 18180:h2867/p2 18181:h2867/p2 18182:h2867/p2
2026-08-06 03:53:31 OK port 18180 [quick] height=2871 peers=2 p2p=aligned aligned=True failed=
2026-08-06 03:53:32 OK port 18181 [quick] height=2871 peers=2 p2p=aligned aligned=True failed=
2026-08-06 03:53:33 OK port 18182 [quick] height=2871 peers=2 p2p=aligned aligned=True failed=
2026-08-06 03:53:33 OK mesh aligned 18180:h2871/p2 18181:h2871/p2 18182:h2871/p2
2026-08-06 03:58:36 WARN OK port 18180 [quick] height=2875 peers=2 p2p=inconsistent aligned=True failed=peer_probe_ok,p2p_state_consistent
2026-08-06 03:58:39 OK port 18181 [quick] height=2875 peers=2 p2p=aligned aligned=True failed=
2026-08-06 03:58:42 OK port 18182 [quick] height=2875 peers=2 p2p=aligned aligned=True failed=
2026-08-06 03:58:42 OK mesh aligned 18180:h2875/p2 18181:h2875/p2 18182:h2875/p2
2026-08-06 04:03:51 WARN OK port 18180 [full] height=2878 peers=2 p2p=aligned aligned=True failed=peer_probe_ok
2026-08-06 04:03:59 WARN OK port 18181 [full] height=2878 peers=2 p2p=aligned aligned=True failed=peer_probe_ok
2026-08-06 04:04:07 WARN OK port 18182 [full] height=2878 peers=2 p2p=aligned aligned=True failed=peer_probe_ok
2026-08-06 04:04:07 OK mesh aligned 18180:h2878/p2 18181:h2878/p2 18182:h2878/p2
2026-08-06 04:09:10 OK port 18180 [quick] height=2883 peers=2 p2p=aligned aligned=True failed=
2026-08-06 04:09:14 OK port 18181 [quick] height=2883 peers=2 p2p=aligned aligned=True failed=
2026-08-06 04:09:17 OK port 18182 [quick] height=2883 peers=2 p2p=aligned aligned=True failed=
2026-08-06 04:09:17 OK mesh aligned 18180:h2883/p2 18181:h2883/p2 18182:h2883/p2
2026-08-06 04:14:20 OK port 18180 [quick] height=2886 peers=2 p2p=aligned aligned=True failed=
2026-08-06 04:14:23 OK port 18181 [quick] height=2886 peers=2 p2p=aligned aligned=True failed=
2026-08-06 04:14:26 OK port 18182 [quick] height=2886 peers=2 p2p=aligned aligned=True failed=
2026-08-06 04:14:26 OK mesh aligned 18180:h2886/p2 18181:h2886/p2 18182:h2886/p2
2026-08-06 04:19:29 OK port 18180 [quick] height=2891 peers=2 p2p=aligned aligned=True failed=
2026-08-06 04:19:33 OK port 18181 [quick] height=2891 peers=2 p2p=aligned aligned=True failed=
2026-08-06 04:19:36 OK port 18182 [quick] height=2891 peers=2 p2p=aligned aligned=True failed=
2026-08-06 04:19:36 OK mesh aligned 18180:h2891/p2 18181:h2891/p2 18182:h2891/p2
2026-08-06 04:24:39 OK port 18180 [quick] height=2895 peers=2 p2p=aligned aligned=True failed=
2026-08-06 04:24:42 OK port 18181 [quick] height=2895 peers=2 p2p=aligned aligned=True failed=
2026-08-06 04:24:45 OK port 18182 [quick] height=2895 peers=2 p2p=aligned aligned=True failed=
2026-08-06 04:24:45 OK mesh aligned 18180:h2895/p2 18181:h2895/p2 18182:h2895/p2
2026-08-06 04:29:49 OK port 18180 [quick] height=2899 peers=2 p2p=aligned aligned=True failed=
2026-08-06 04:29:52 OK port 18181 [quick] height=2899 peers=2 p2p=aligned aligned=True failed=
2026-08-06 04:29:55 OK port 18182 [quick] height=2899 peers=2 p2p=aligned aligned=True failed=
2026-08-06 04:29:55 OK mesh aligned 18180:h2899/p2 18181:h2899/p2 18182:h2899/p2
2026-08-06 04:35:03 WARN OK port 18180 [full] height=2903 peers=2 p2p=aligned aligned=True failed=peer_probe_ok
2026-08-06 04:35:12 WARN OK port 18181 [full] height=2903 peers=2 p2p=inconsistent aligned=True failed=peer_probe_ok,p2p_state_consistent
2026-08-06 04:35:20 WARN OK port 18182 [full] height=2903 peers=2 p2p=aligned aligned=True failed=peer_probe_ok
2026-08-06 04:35:20 OK mesh aligned 18180:h2903/p2 18181:h2903/p2 18182:h2903/p2
2026-08-06 04:40:23 OK port 18180 [quick] height=2908 peers=2 p2p=aligned aligned=True failed=
2026-08-06 04:40:26 OK port 18181 [quick] height=2908 peers=2 p2p=aligned aligned=True failed=
2026-08-06 04:40:30 OK port 18182 [quick] height=2908 peers=2 p2p=aligned aligned=True failed=
2026-08-06 04:40:30 OK mesh aligned 18180:h2908/p2 18181:h2908/p2 18182:h2908/p2
2026-08-06 04:45:33 WARN OK port 18180 [quick] height=2912 peers=2 p2p=inconsistent aligned=True failed=peer_probe_ok,p2p_state_consistent
2026-08-06 04:45:36 OK port 18181 [quick] height=2912 peers=2 p2p=aligned aligned=True failed=
2026-08-06 04:45:39 WARN OK port 18182 [quick] height=2912 peers=2 p2p=aligned aligned=True failed=peer_probe_ok,p2p_state_consistent
2026-08-06 04:45:39 OK mesh aligned 18180:h2912/p1 18181:h2912/p1 18182:h2912/p0
2026-08-06 04:50:42 WARN OK port 18180 [quick] height=2916 peers=2 p2p=inconsistent aligned=True failed=peer_probe_ok,p2p_state_consistent
2026-08-06 04:50:46 WARN OK port 18181 [quick] height=2916 peers=2 p2p=inconsistent aligned=True failed=peer_probe_ok,p2p_state_consistent
2026-08-06 04:50:47 WARN OK port 18182 [quick] height=2916 peers=2 p2p=inconsistent aligned=True failed=p2p_state_consistent
2026-08-06 04:50:48 OK mesh aligned 18180:h2916/p2 18181:h2916/p2 18182:h2916/p2
2026-08-06 04:55:51 WARN OK port 18180 [quick] height=2919 peers=2 p2p=inconsistent aligned=True failed=peer_probe_ok,p2p_state_consistent
2026-08-06 04:55:51 OK port 18181 [quick] height=2919 peers=2 p2p=aligned aligned=True failed=
2026-08-06 04:55:51 OK port 18182 [quick] height=2919 peers=2 p2p=aligned aligned=True failed=
2026-08-06 04:55:52 OK mesh aligned 18180:h2919/p2 18181:h2919/p2 18182:h2919/p2
2026-08-06 05:00:55 WARN OK port 18180 [quick] height=2923 peers=2 p2p=inconsistent aligned=True failed=peer_probe_ok,p2p_state_consistent
2026-08-06 05:00:58 WARN OK port 18181 [quick] height=2923 peers=2 p2p=inconsistent aligned=True failed=peer_probe_ok,p2p_state_consistent
2026-08-06 05:01:01 WARN OK port 18182 [quick] height=2923 peers=2 p2p=inconsistent aligned=True failed=peer_probe_ok,p2p_state_consistent
2026-08-06 05:01:01 OK mesh aligned 18180:h2923/p2 18181:h2923/p2 18182:h2923/p2
2026-08-06 05:06:10 WARN OK port 18180 [full] height=2926 peers=2 p2p=aligned aligned=True failed=peer_probe_ok
2026-08-06 05:06:18 WARN OK port 18181 [full] height=2926 peers=2 p2p=aligned aligned=True failed=peer_probe_ok
2026-08-06 05:06:26 WARN OK port 18182 [full] height=2926 peers=2 p2p=aligned aligned=True failed=peer_probe_ok
2026-08-06 05:06:26 OK mesh aligned 18180:h2926/p2 18181:h2926/p2 18182:h2926/p2
2026-08-06 05:11:30 OK port 18180 [quick] height=2930 peers=2 p2p=aligned aligned=True failed=
2026-08-06 05:11:33 WARN OK port 18181 [quick] height=2930 peers=2 p2p=inconsistent aligned=True failed=peer_probe_ok,p2p_state_consistent
2026-08-06 05:11:36 WARN OK port 18182 [quick] height=2930 peers=2 p2p=inconsistent aligned=True failed=peer_probe_ok,p2p_state_consistent
2026-08-06 05:11:36 OK mesh aligned 18180:h2930/p2 18181:h2930/p2 18182:h2930/p2
2026-08-06 05:16:39 OK port 18180 [quick] height=2934 peers=2 p2p=aligned aligned=True failed=
2026-08-06 05:16:42 OK port 18181 [quick] height=2934 peers=2 p2p=aligned aligned=True failed=
2026-08-06 05:16:45 OK port 18182 [quick] height=2934 peers=2 p2p=aligned aligned=True failed=
2026-08-06 05:16:46 OK mesh aligned 18180:h2934/p2 18181:h2934/p2 18182:h2934/p2
2026-08-06 05:21:49 WARN OK port 18180 [quick] height=2938 peers=2 p2p=inconsistent aligned=True failed=peer_probe_ok,p2p_state_consistent
2026-08-06 05:21:52 WARN OK port 18181 [quick] height=2938 peers=2 p2p=inconsistent aligned=True failed=peer_probe_ok,p2p_state_consistent
2026-08-06 05:21:55 WARN OK port 18182 [quick] height=2938 peers=2 p2p=inconsistent aligned=True failed=peer_probe_ok,p2p_state_consistent
2026-08-06 05:21:55 OK mesh aligned 18180:h2938/p2 18181:h2938/p2 18182:h2938/p2
2026-08-06 05:26:59 OK port 18180 [quick] height=2940 peers=2 p2p=aligned aligned=True failed=
2026-08-06 05:27:02 OK port 18181 [quick] height=2940 peers=2 p2p=aligned aligned=True failed=
2026-08-06 05:27:05 OK port 18182 [quick] height=2940 peers=2 p2p=aligned aligned=True failed=
2026-08-06 05:27:05 OK mesh aligned 18180:h2940/p2 18181:h2940/p2 18182:h2940/p2
2026-08-06 05:32:08 OK port 18180 [quick] height=2945 peers=2 p2p=aligned aligned=True failed=
2026-08-06 05:32:11 OK port 18181 [quick] height=2945 peers=2 p2p=aligned aligned=True failed=
2026-08-06 05:32:15 OK port 18182 [quick] height=2945 peers=2 p2p=aligned aligned=True failed=
2026-08-06 05:32:15 OK mesh aligned 18180:h2945/p2 18181:h2945/p2 18182:h2945/p2
2026-08-06 05:37:23 WARN OK port 18180 [full] height=2948 peers=2 p2p=inconsistent aligned=True failed=peer_probe_ok,p2p_state_consistent
2026-08-06 05:37:23 OK port 18181 [full] height=2948 peers=2 p2p=aligned aligned=True failed=
2026-08-06 05:37:29 WARN OK port 18182 [full] height=2948 peers=2 p2p=inconsistent aligned=True failed=p2p_state_consistent
2026-08-06 05:37:29 OK mesh aligned 18180:h2948/p2 18181:h2948/p2 18182:h2948/p2
2026-08-06 05:42:32 WARN OK port 18180 [quick] height=2952 peers=2 p2p=inconsistent aligned=True failed=peer_probe_ok,p2p_state_consistent
2026-08-06 05:42:35 WARN OK port 18181 [quick] height=2952 peers=2 p2p=inconsistent aligned=True failed=peer_probe_ok,p2p_state_consistent
2026-08-06 05:42:38 OK port 18182 [quick] height=2952 peers=2 p2p=aligned aligned=True failed=
2026-08-06 05:42:39 OK mesh aligned 18180:h2952/p2 18181:h2952/p2 18182:h2952/p2
2026-08-06 05:47:42 OK port 18180 [quick] height=2955 peers=2 p2p=aligned aligned=True failed=
2026-08-06 05:47:45 OK port 18181 [quick] height=2955 peers=2 p2p=aligned aligned=True failed=
2026-08-06 05:47:48 OK port 18182 [quick] height=2955 peers=2 p2p=aligned aligned=True failed=
2026-08-06 05:47:48 OK mesh aligned 18180:h2955/p2 18181:h2955/p2 18182:h2955/p2
2026-08-06 05:52:51 OK port 18180 [quick] height=2958 peers=2 p2p=aligned aligned=True failed=
2026-08-06 05:52:54 WARN OK port 18181 [quick] height=2958 peers=2 p2p=inconsistent aligned=True failed=peer_probe_ok,p2p_state_consistent
2026-08-06 05:52:57 OK port 18182 [quick] height=2958 peers=2 p2p=aligned aligned=True failed=
2026-08-06 05:52:57 OK mesh aligned 18180:h2958/p2 18181:h2958/p2 18182:h2958/p2
2026-08-06 05:58:01 OK port 18180 [quick] height=2963 peers=2 p2p=aligned aligned=True failed=
2026-08-06 05:58:04 OK port 18181 [quick] height=2963 peers=2 p2p=aligned aligned=True failed=
2026-08-06 05:58:07 OK port 18182 [quick] height=2963 peers=2 p2p=aligned aligned=True failed=
2026-08-06 05:58:07 OK mesh aligned 18180:h2963/p2 18181:h2963/p2 18182:h2963/p2
2026-08-06 06:03:10 OK port 18180 [quick] height=2966 peers=2 p2p=aligned aligned=True failed=
2026-08-06 06:03:13 OK port 18181 [quick] height=2966 peers=2 p2p=aligned aligned=True failed=
2026-08-06 06:03:16 OK port 18182 [quick] height=2966 peers=2 p2p=aligned aligned=True failed=
2026-08-06 06:03:17 OK mesh aligned 18180:h2966/p2 18181:h2966/p2 18182:h2966/p2
2026-08-06 06:08:25 WARN OK port 18180 [full] height=2969 peers=2 p2p=aligned aligned=True failed=peer_probe_ok
2026-08-06 06:08:33 WARN OK port 18181 [full] height=2969 peers=2 p2p=aligned aligned=True failed=peer_probe_ok
2026-08-06 06:08:41 WARN OK port 18182 [full] height=2969 peers=2 p2p=aligned aligned=True failed=peer_probe_ok
2026-08-06 06:08:41 OK mesh aligned 18180:h2969/p2 18181:h2969/p2 18182:h2969/p2
2026-08-06 06:13:44 OK port 18180 [quick] height=2973 peers=2 p2p=aligned aligned=True failed=
2026-08-06 06:13:47 OK port 18181 [quick] height=2973 peers=2 p2p=aligned aligned=True failed=
2026-08-06 06:13:50 OK port 18182 [quick] height=2973 peers=2 p2p=aligned aligned=True failed=
2026-08-06 06:13:51 OK mesh aligned 18180:h2973/p2 18181:h2973/p2 18182:h2973/p2
2026-08-06 06:18:54 OK port 18180 [quick] height=2978 peers=2 p2p=aligned aligned=True failed=
2026-08-06 06:18:57 OK port 18181 [quick] height=2978 peers=2 p2p=aligned aligned=True failed=
2026-08-06 06:19:00 OK port 18182 [quick] height=2978 peers=2 p2p=aligned aligned=True failed=
2026-08-06 06:19:00 OK mesh aligned 18180:h2978/p2 18181:h2978/p2 18182:h2978/p2
2026-08-06 06:24:03 WARN OK port 18180 [quick] height=2981 peers=2 p2p=inconsistent aligned=True failed=peer_probe_ok,p2p_state_consistent
2026-08-06 06:24:06 WARN OK port 18181 [quick] height=2981 peers=2 p2p=inconsistent aligned=True failed=peer_probe_ok,p2p_state_consistent
2026-08-06 06:24:09 OK port 18182 [quick] height=2981 peers=2 p2p=aligned aligned=True failed=
2026-08-06 06:24:09 OK mesh aligned 18180:h2981/p2 18181:h2981/p2 18182:h2981/p2
2026-08-06 06:29:13 OK port 18180 [quick] height=2984 peers=2 p2p=aligned aligned=True failed=
2026-08-06 06:29:16 WARN OK port 18181 [quick] height=2984 peers=2 p2p=inconsistent aligned=True failed=peer_probe_ok,p2p_state_consistent
2026-08-06 06:29:16 WARN OK port 18182 [quick] height=2984 peers=1 p2p=under_mesh aligned=True failed=p2p_state_consistent
2026-08-06 06:29:16 OK mesh aligned 18180:h2984/p0 18181:h2984/p1 18182:h2984/p1
2026-08-06 06:34:19 OK port 18180 [quick] height=2988 peers=2 p2p=aligned aligned=True failed=
2026-08-06 06:34:22 OK port 18181 [quick] height=2988 peers=2 p2p=aligned aligned=True failed=
2026-08-06 06:34:23 OK port 18182 [quick] height=2988 peers=2 p2p=aligned aligned=True failed=
2026-08-06 06:34:23 OK mesh aligned 18180:h2988/p2 18181:h2988/p2 18182:h2988/p2
2026-08-06 06:39:31 WARN OK port 18180 [full] height=2992 peers=2 p2p=aligned aligned=True failed=peer_probe_ok
2026-08-06 06:39:39 WARN OK port 18181 [full] height=2992 peers=2 p2p=aligned aligned=True failed=peer_probe_ok
2026-08-06 06:39:47 WARN OK port 18182 [full] height=2992 peers=2 p2p=inconsistent aligned=True failed=peer_probe_ok,p2p_state_consistent
2026-08-06 06:39:47 OK mesh aligned 18180:h2992/p2 18181:h2992/p2 18182:h2992/p2
2026-08-06 06:44:51 WARN OK port 18180 [quick] height=2993 peers=2 p2p=inconsistent aligned=True failed=peer_probe_ok,p2p_state_consistent
2026-08-06 06:44:51 OK port 18181 [quick] height=2993 peers=2 p2p=aligned aligned=True failed=
2026-08-06 06:44:51 OK port 18182 [quick] height=2993 peers=2 p2p=aligned aligned=True failed=
2026-08-06 06:44:52 OK mesh aligned 18180:h2993/p2 18181:h2993/p2 18182:h2993/p2
2026-08-06 06:49:55 WARN OK port 18180 [quick] height=2996 peers=2 p2p=inconsistent aligned=True failed=peer_probe_ok,p2p_state_consistent
2026-08-06 06:49:55 OK port 18181 [quick] height=2996 peers=2 p2p=aligned aligned=True failed=
2026-08-06 06:49:55 OK port 18182 [quick] height=2996 peers=2 p2p=aligned aligned=True failed=
2026-08-06 06:49:56 OK mesh aligned 18180:h2996/p2 18181:h2996/p2 18182:h2996/p2
2026-08-06 06:54:59 OK port 18180 [quick] height=3000 peers=2 p2p=aligned aligned=True failed=
2026-08-06 06:55:02 OK port 18181 [quick] height=3000 peers=2 p2p=aligned aligned=True failed=
2026-08-06 06:55:05 WARN OK port 18182 [quick] height=3000 peers=2 p2p=inconsistent aligned=True failed=peer_probe_ok,p2p_state_consistent
2026-08-06 06:55:05 OK mesh aligned 18180:h3000/p2 18181:h3000/p2 18182:h3000/p2
2026-08-06 07:00:08 OK port 18180 [quick] height=3004 peers=2 p2p=aligned aligned=True failed=
2026-08-06 07:00:11 OK port 18181 [quick] height=3004 peers=2 p2p=aligned aligned=True failed=
2026-08-06 07:00:14 OK port 18182 [quick] height=3004 peers=2 p2p=aligned aligned=True failed=
2026-08-06 07:00:15 OK mesh aligned 18180:h3004/p2 18181:h3004/p2 18182:h3004/p2
2026-08-06 07:05:18 WARN OK port 18180 [quick] height=3006 peers=2 p2p=inconsistent aligned=True failed=peer_probe_ok,p2p_state_consistent
2026-08-06 07:05:18 OK port 18181 [quick] height=3006 peers=2 p2p=aligned aligned=True failed=
2026-08-06 07:05:21 WARN OK port 18182 [quick] height=3006 peers=2 p2p=inconsistent aligned=True failed=peer_probe_ok,p2p_state_consistent
2026-08-06 07:05:21 OK mesh aligned 18180:h3006/p2 18181:h3006/p2 18182:h3006/p2
2026-08-06 07:10:29 WARN OK port 18180 [full] height=3010 peers=2 p2p=aligned aligned=True failed=peer_probe_ok
2026-08-06 07:10:37 WARN OK port 18181 [full] height=3010 peers=2 p2p=aligned aligned=True failed=peer_probe_ok
2026-08-06 07:10:46 WARN OK port 18182 [full] height=3010 peers=2 p2p=aligned aligned=True failed=peer_probe_ok
2026-08-06 07:10:46 OK mesh aligned 18180:h3010/p2 18181:h3010/p2 18182:h3010/p2
2026-08-06 07:15:49 OK port 18180 [quick] height=3015 peers=2 p2p=aligned aligned=True failed=
2026-08-06 07:15:52 OK port 18181 [quick] height=3015 peers=2 p2p=aligned aligned=True failed=
2026-08-06 07:15:55 OK port 18182 [quick] height=3015 peers=2 p2p=aligned aligned=True failed=
2026-08-06 07:15:55 OK mesh aligned 18180:h3015/p2 18181:h3015/p2 18182:h3015/p2
2026-08-06 07:20:58 WARN OK port 18180 [quick] height=3019 peers=2 p2p=inconsistent aligned=True failed=peer_probe_ok,p2p_state_consistent
2026-08-06 07:20:59 OK port 18181 [quick] height=3019 peers=2 p2p=aligned aligned=True failed=
2026-08-06 07:20:59 OK port 18182 [quick] height=3019 peers=2 p2p=aligned aligned=True failed=
2026-08-06 07:20:59 OK mesh aligned 18180:h3019/p2 18181:h3019/p2 18182:h3019/p2
2026-08-06 07:26:02 OK port 18180 [quick] height=3023 peers=2 p2p=aligned aligned=True failed=
2026-08-06 07:26:06 WARN OK port 18181 [quick] height=3023 peers=2 p2p=inconsistent aligned=True failed=peer_probe_ok,p2p_state_consistent
2026-08-06 07:26:09 OK port 18182 [quick] height=3023 peers=2 p2p=aligned aligned=True failed=
2026-08-06 07:26:09 OK mesh aligned 18180:h3023/p2 18181:h3023/p2 18182:h3023/p2
2026-08-06 07:31:12 WARN OK port 18180 [quick] height=3027 peers=2 p2p=inconsistent aligned=True failed=peer_probe_ok,p2p_state_consistent
2026-08-06 07:31:15 WARN OK port 18181 [quick] height=3027 peers=2 p2p=inconsistent aligned=True failed=peer_probe_ok,p2p_state_consistent
2026-08-06 07:31:18 OK port 18182 [quick] height=3027 peers=2 p2p=aligned aligned=True failed=
2026-08-06 07:31:18 OK mesh aligned 18180:h3027/p2 18181:h3027/p2 18182:h3027/p2
2026-08-06 07:36:21 OK port 18180 [quick] height=3031 peers=2 p2p=aligned aligned=True failed=
2026-08-06 07:36:25 OK port 18181 [quick] height=3031 peers=2 p2p=aligned aligned=True failed=
2026-08-06 07:36:28 OK port 18182 [quick] height=3031 peers=2 p2p=aligned aligned=True failed=
2026-08-06 07:36:28 OK mesh aligned 18180:h3031/p2 18181:h3031/p2 18182:h3031/p2
2026-08-06 07:41:36 WARN OK port 18180 [full] height=3035 peers=2 p2p=inconsistent aligned=True failed=peer_probe_ok,p2p_state_consistent
2026-08-06 07:41:44 WARN OK port 18181 [full] height=3035 peers=2 p2p=aligned aligned=True failed=peer_probe_ok
2026-08-06 07:41:52 WARN OK port 18182 [full] height=3035 peers=2 p2p=inconsistent aligned=True failed=peer_probe_ok,p2p_state_consistent
2026-08-06 07:41:52 OK mesh aligned 18180:h3035/p2 18181:h3035/p2 18182:h3035/p2
2026-08-06 07:46:56 OK port 18180 [quick] height=3039 peers=2 p2p=aligned aligned=True failed=
2026-08-06 07:46:59 OK port 18181 [quick] height=3039 peers=2 p2p=aligned aligned=True failed=
2026-08-06 07:47:02 WARN OK port 18182 [quick] height=3039 peers=2 p2p=inconsistent aligned=True failed=peer_probe_ok,p2p_state_consistent
2026-08-06 07:47:02 OK mesh aligned 18180:h3039/p2 18181:h3039/p2 18182:h3039/p2
2026-08-06 07:52:05 OK port 18180 [quick] height=3042 peers=2 p2p=aligned aligned=True failed=
2026-08-06 07:52:08 OK port 18181 [quick] height=3042 peers=2 p2p=aligned aligned=True failed=
2026-08-06 07:52:11 OK port 18182 [quick] height=3042 peers=2 p2p=aligned aligned=True failed=
2026-08-06 07:52:11 OK mesh aligned 18180:h3042/p2 18181:h3042/p2 18182:h3042/p2
2026-08-06 07:57:14 WARN OK port 18180 [quick] height=3046 peers=2 p2p=inconsistent aligned=True failed=peer_probe_ok,p2p_state_consistent
2026-08-06 07:57:17 WARN OK port 18181 [quick] height=3046 peers=2 p2p=inconsistent aligned=True failed=peer_probe_ok,p2p_state_consistent
2026-08-06 07:57:20 OK port 18182 [quick] height=3046 peers=2 p2p=aligned aligned=True failed=
2026-08-06 07:57:21 OK mesh aligned 18180:h3046/p2 18181:h3046/p2 18182:h3046/p2
2026-08-06 08:02:24 OK port 18180 [quick] height=3051 peers=2 p2p=aligned aligned=True failed=
2026-08-06 08:02:27 OK port 18181 [quick] height=3051 peers=2 p2p=aligned aligned=True failed=
2026-08-06 08:02:30 OK port 18182 [quick] height=3051 peers=2 p2p=aligned aligned=True failed=
2026-08-06 08:02:30 OK mesh aligned 18180:h3051/p2 18181:h3051/p2 18182:h3051/p2
2026-08-06 08:07:33 OK port 18180 [quick] height=3054 peers=2 p2p=aligned aligned=True failed=
2026-08-06 08:07:35 WARN OK port 18181 [quick] height=3054 peers=2 p2p=aligned aligned=True failed=p2p_state_consistent
2026-08-06 08:07:36 OK port 18182 [quick] height=3054 peers=2 p2p=aligned aligned=True failed=
2026-08-06 08:07:36 OK mesh aligned 18180:h3054/p2 18181:h3054/p2 18182:h3054/p2
2026-08-06 08:12:41 OK port 18180 [full] height=3057 peers=2 p2p=aligned aligned=True failed=
2026-08-06 08:12:48 OK port 18181 [full] height=3057 peers=2 p2p=inconsistent aligned=True failed=
2026-08-06 08:12:56 WARN OK port 18182 [full] height=3058 peers=2 p2p=aligned aligned=True failed=peer_probe_ok
2026-08-06 08:12:56 OK mesh aligned 18180:h3058/p2 18181:h3058/p2 18182:h3058/p2
2026-08-06 08:18:02 WARN OK port 18180 [quick] height=3061 peers=2 p2p=inconsistent aligned=True failed=peer_probe_ok,p2p_state_consistent
2026-08-06 08:18:02 OK port 18181 [quick] height=3061 peers=2 p2p=aligned aligned=True failed=
2026-08-06 08:18:03 OK port 18182 [quick] height=3061 peers=2 p2p=aligned aligned=True failed=
2026-08-06 08:18:03 OK mesh aligned 18180:h3061/p2 18181:h3061/p2 18182:h3061/p2
2026-08-06 08:23:06 OK port 18180 [quick] height=3066 peers=2 p2p=inconsistent aligned=True failed=
2026-08-06 08:23:09 WARN OK port 18181 [quick] height=3066 peers=2 p2p=inconsistent aligned=True failed=peer_probe_ok,p2p_state_consistent
2026-08-06 08:23:12 OK port 18182 [quick] height=3066 peers=2 p2p=aligned aligned=True failed=
2026-08-06 08:23:12 OK mesh aligned 18180:h3066/p2 18181:h3066/p2 18182:h3066/p2
2026-08-06 08:28:16 WARN OK port 18180 [quick] height=3069 peers=2 p2p=inconsistent aligned=True failed=peer_probe_ok,p2p_state_consistent
2026-08-06 08:28:19 WARN OK port 18181 [quick] height=3069 peers=2 p2p=inconsistent aligned=True failed=peer_probe_ok,p2p_state_consistent
2026-08-06 08:28:19 OK port 18182 [quick] height=3069 peers=2 p2p=aligned aligned=True failed=
2026-08-06 08:28:19 OK mesh aligned 18180:h3069/p2 18181:h3069/p2 18182:h3069/p2
2026-08-06 08:33:22 OK port 18180 [quick] height=3072 peers=2 p2p=aligned aligned=True failed=
2026-08-06 08:33:23 OK port 18181 [quick] height=3072 peers=2 p2p=aligned aligned=True failed=
2026-08-06 08:33:26 OK port 18182 [quick] height=3072 peers=2 p2p=aligned aligned=True failed=
2026-08-06 08:33:26 OK mesh aligned 18180:h3072/p2 18181:h3072/p2 18182:h3072/p2
2026-08-06 08:38:29 OK port 18180 [quick] height=3076 peers=2 p2p=aligned aligned=True failed=
2026-08-06 08:38:32 OK port 18181 [quick] height=3076 peers=2 p2p=aligned aligned=True failed=
2026-08-06 08:38:36 OK port 18182 [quick] height=3076 peers=2 p2p=aligned aligned=True failed=
2026-08-06 08:38:36 OK mesh aligned 18180:h3076/p2 18181:h3076/p2 18182:h3076/p2
2026-08-06 08:43:44 WARN OK port 18180 [full] height=3079 peers=2 p2p=aligned aligned=True failed=peer_probe_ok
2026-08-06 08:43:52 WARN OK port 18181 [full] height=3079 peers=2 p2p=aligned aligned=True failed=peer_probe_ok
2026-08-06 08:44:00 WARN OK port 18182 [full] height=3079 peers=2 p2p=aligned aligned=True failed=peer_probe_ok
2026-08-06 08:44:00 OK mesh aligned 18180:h3079/p2 18181:h3079/p1 18182:h3079/p2
2026-08-06 08:49:04 OK port 18180 [quick] height=3082 peers=2 p2p=aligned aligned=True failed=
2026-08-06 08:49:07 OK port 18181 [quick] height=3082 peers=2 p2p=aligned aligned=True failed=
2026-08-06 08:49:10 WARN OK port 18182 [quick] height=3082 peers=2 p2p=inconsistent aligned=True failed=peer_probe_ok,p2p_state_consistent
2026-08-06 08:49:10 OK mesh aligned 18180:h3082/p2 18181:h3082/p2 18182:h3082/p2
2026-08-06 08:54:13 WARN OK port 18180 [quick] height=3085 peers=2 p2p=inconsistent aligned=True failed=peer_probe_ok,p2p_state_consistent
2026-08-06 08:54:14 OK port 18181 [quick] height=3085 peers=2 p2p=aligned aligned=True failed=
2026-08-06 08:54:14 OK port 18182 [quick] height=3085 peers=2 p2p=aligned aligned=True failed=
2026-08-06 08:54:14 OK mesh aligned 18180:h3085/p2 18181:h3085/p2 18182:h3085/p2
2026-08-06 08:59:17 WARN OK port 18180 [quick] height=3089 peers=2 p2p=inconsistent aligned=True failed=peer_probe_ok,p2p_state_consistent
2026-08-06 08:59:20 OK port 18181 [quick] height=3089 peers=2 p2p=aligned aligned=True failed=
2026-08-06 08:59:23 OK port 18182 [quick] height=3089 peers=2 p2p=aligned aligned=True failed=
2026-08-06 08:59:24 OK mesh aligned 18180:h3089/p2 18181:h3089/p2 18182:h3089/p2
2026-08-06 09:04:27 WARN OK port 18180 [quick] height=3092 peers=2 p2p=inconsistent aligned=True failed=peer_probe_ok,p2p_state_consistent
2026-08-06 09:04:27 OK port 18181 [quick] height=3092 peers=2 p2p=aligned aligned=True failed=
2026-08-06 09:04:28 OK port 18182 [quick] height=3092 peers=2 p2p=aligned aligned=True failed=
2026-08-06 09:04:28 OK mesh aligned 18180:h3092/p2 18181:h3092/p2 18182:h3092/p2
2026-08-06 09:09:31 OK port 18180 [quick] height=3096 peers=2 p2p=aligned aligned=True failed=
2026-08-06 09:09:34 OK port 18181 [quick] height=3096 peers=2 p2p=aligned aligned=True failed=
2026-08-06 09:09:37 OK port 18182 [quick] height=3096 peers=2 p2p=aligned aligned=True failed=
2026-08-06 09:09:37 OK mesh aligned 18180:h3096/p2 18181:h3096/p2 18182:h3096/p2
2026-08-06 09:14:46 WARN OK port 18180 [full] height=3099 peers=2 p2p=inconsistent aligned=True failed=peer_probe_ok,p2p_state_consistent
2026-08-06 09:14:54 WARN OK port 18181 [full] height=3099 peers=2 p2p=inconsistent aligned=True failed=peer_probe_ok,p2p_state_consistent
2026-08-06 09:15:02 WARN OK port 18182 [full] height=3099 peers=2 p2p=inconsistent aligned=True failed=peer_probe_ok,p2p_state_consistent
2026-08-06 09:15:02 OK mesh aligned 18180:h3099/p2 18181:h3099/p2 18182:h3099/p2
2026-08-06 09:20:06 OK port 18180 [quick] height=3101 peers=2 p2p=aligned aligned=True failed=
2026-08-06 09:20:09 OK port 18181 [quick] height=3101 peers=2 p2p=aligned aligned=True failed=
2026-08-06 09:20:12 OK port 18182 [quick] height=3101 peers=2 p2p=aligned aligned=True failed=
2026-08-06 09:20:12 OK mesh aligned 18180:h3101/p2 18181:h3101/p2 18182:h3101/p2
2026-08-06 09:25:15 WARN OK port 18180 [quick] height=3104 peers=2 p2p=inconsistent aligned=True failed=peer_probe_ok,p2p_state_consistent
2026-08-06 09:25:18 OK port 18181 [quick] height=3104 peers=2 p2p=aligned aligned=True failed=
2026-08-06 09:25:21 OK port 18182 [quick] height=3104 peers=2 p2p=aligned aligned=True failed=
2026-08-06 09:25:21 OK mesh aligned 18180:h3104/p2 18181:h3104/p1 18182:h3104/p2
2026-08-06 09:30:25 WARN OK port 18180 [quick] height=3106 peers=2 p2p=inconsistent aligned=True failed=peer_probe_ok,p2p_state_consistent
2026-08-06 09:30:25 WARN OK port 18181 [quick] height=3106 peers=2 p2p=inconsistent aligned=True failed=p2p_state_consistent
2026-08-06 09:30:25 OK port 18182 [quick] height=3106 peers=2 p2p=aligned aligned=True failed=
2026-08-06 09:30:26 OK mesh aligned 18180:h3106/p2 18181:h3106/p2 18182:h3106/p2
2026-08-06 09:35:29 WARN OK port 18180 [quick] height=3110 peers=2 p2p=inconsistent aligned=True failed=peer_probe_ok,p2p_state_consistent
2026-08-06 09:35:29 OK port 18181 [quick] height=3110 peers=2 p2p=aligned aligned=True failed=
2026-08-06 09:35:30 OK port 18182 [quick] height=3110 peers=2 p2p=aligned aligned=True failed=
2026-08-06 09:35:30 OK mesh aligned 18180:h3110/p2 18181:h3110/p2 18182:h3110/p2
2026-08-06 09:40:33 OK port 18180 [quick] height=3114 peers=2 p2p=aligned aligned=True failed=
2026-08-06 09:40:36 OK port 18181 [quick] height=3114 peers=2 p2p=aligned aligned=True failed=
2026-08-06 09:40:39 OK port 18182 [quick] height=3114 peers=2 p2p=aligned aligned=True failed=
2026-08-06 09:40:40 OK mesh aligned 18180:h3114/p2 18181:h3114/p2 18182:h3114/p2
2026-08-06 09:45:48 WARN OK port 18180 [full] height=3117 peers=2 p2p=aligned aligned=True failed=peer_probe_ok
2026-08-06 09:45:56 WARN OK port 18181 [full] height=3117 peers=2 p2p=aligned aligned=True failed=peer_probe_ok
2026-08-06 09:45:57 OK port 18182 [full] height=3117 peers=2 p2p=aligned aligned=True failed=
2026-08-06 09:45:57 OK mesh aligned 18180:h3117/p2 18181:h3117/p2 18182:h3117/p2
2026-08-06 09:51:00 OK port 18180 [quick] height=3121 peers=2 p2p=aligned aligned=True failed=
2026-08-06 09:51:03 OK port 18181 [quick] height=3121 peers=2 p2p=aligned aligned=True failed=
2026-08-06 09:51:07 WARN OK port 18182 [quick] height=3121 peers=2 p2p=inconsistent aligned=True failed=peer_probe_ok,p2p_state_consistent
2026-08-06 09:51:07 OK mesh aligned 18180:h3121/p2 18181:h3121/p2 18182:h3121/p2
2026-08-06 09:56:10 OK port 18180 [quick] height=3126 peers=2 p2p=aligned aligned=True failed=
2026-08-06 09:56:13 OK port 18181 [quick] height=3126 peers=2 p2p=aligned aligned=True failed=
2026-08-06 09:56:16 OK port 18182 [quick] height=3126 peers=2 p2p=aligned aligned=True failed=
2026-08-06 09:56:17 OK mesh aligned 18180:h3126/p2 18181:h3126/p2 18182:h3126/p2
2026-08-06 10:01:20 OK port 18180 [quick] height=3128 peers=2 p2p=aligned aligned=True failed=
2026-08-06 10:01:20 OK port 18181 [quick] height=3128 peers=2 p2p=aligned aligned=True failed=
2026-08-06 10:01:21 WARN OK port 18182 [quick] height=3128 peers=2 p2p=aligned aligned=True failed=p2p_state_consistent
2026-08-06 10:01:21 OK mesh aligned 18180:h3128/p2 18181:h3128/p2 18182:h3128/p2
2026-08-06 10:06:24 OK port 18180 [quick] height=3133 peers=2 p2p=aligned aligned=True failed=
2026-08-06 10:06:27 OK port 18181 [quick] height=3133 peers=2 p2p=aligned aligned=True failed=
2026-08-06 10:06:30 OK port 18182 [quick] height=3133 peers=2 p2p=aligned aligned=True failed=
2026-08-06 10:06:31 OK mesh aligned 18180:h3133/p2 18181:h3133/p2 18182:h3133/p2
2026-08-06 10:11:34 OK port 18180 [quick] height=3136 peers=2 p2p=aligned aligned=True failed=
2026-08-06 10:11:37 OK port 18181 [quick] height=3136 peers=2 p2p=aligned aligned=True failed=
2026-08-06 10:11:40 OK port 18182 [quick] height=3136 peers=2 p2p=aligned aligned=True failed=
2026-08-06 10:11:40 OK mesh aligned 18180:h3136/p2 18181:h3136/p2 18182:h3136/p2
2026-08-06 10:16:48 WARN OK port 18180 [full] height=3141 peers=2 p2p=aligned aligned=True failed=peer_probe_ok
2026-08-06 10:16:57 WARN OK port 18181 [full] height=3141 peers=2 p2p=aligned aligned=True failed=peer_probe_ok
2026-08-06 10:17:05 WARN OK port 18182 [full] height=3141 peers=2 p2p=aligned aligned=True failed=peer_probe_ok
2026-08-06 10:17:05 OK mesh aligned 18180:h3141/p2 18181:h3141/p2 18182:h3141/p2
2026-08-06 10:22:08 WARN OK port 18180 [quick] height=3145 peers=2 p2p=inconsistent aligned=True failed=peer_probe_ok,p2p_state_consistent
2026-08-06 10:22:08 OK port 18181 [quick] height=3145 peers=2 p2p=aligned aligned=True failed=
2026-08-06 10:22:09 OK port 18182 [quick] height=3145 peers=2 p2p=aligned aligned=True failed=
2026-08-06 10:22:09 OK mesh aligned 18180:h3145/p2 18181:h3145/p2 18182:h3145/p2
2026-08-06 10:27:12 OK port 18180 [quick] height=3149 peers=2 p2p=aligned aligned=True failed=
2026-08-06 10:27:13 OK port 18181 [quick] height=3149 peers=2 p2p=aligned aligned=True failed=
2026-08-06 10:27:13 OK port 18182 [quick] height=3149 peers=2 p2p=aligned aligned=True failed=
2026-08-06 10:27:13 OK mesh aligned 18180:h3150/p2 18181:h3149/p2 18182:h3150/p2
2026-08-06 10:32:17 OK port 18180 [quick] height=3154 peers=2 p2p=aligned aligned=True failed=
2026-08-06 10:32:20 OK port 18181 [quick] height=3154 peers=2 p2p=aligned aligned=True failed=
2026-08-06 10:32:22 OK port 18182 [quick] height=3154 peers=2 p2p=aligned aligned=True failed=
2026-08-06 10:32:22 OK mesh aligned 18180:h3154/p2 18181:h3154/p2 18182:h3154/p2
2026-08-06 10:37:25 OK port 18180 [quick] height=3159 peers=2 p2p=aligned aligned=True failed=
2026-08-06 10:37:28 OK port 18181 [quick] height=3159 peers=2 p2p=aligned aligned=True failed=
2026-08-06 10:37:31 OK port 18182 [quick] height=3159 peers=2 p2p=aligned aligned=True failed=
2026-08-06 10:37:31 OK mesh aligned 18180:h3159/p2 18181:h3159/p2 18182:h3159/p2
2026-08-06 10:42:34 OK port 18180 [quick] height=3163 peers=2 p2p=aligned aligned=True failed=
2026-08-06 10:42:37 WARN OK port 18181 [quick] height=3163 peers=2 p2p=inconsistent aligned=True failed=p2p_state_consistent
2026-08-06 10:42:40 OK port 18182 [quick] height=3164 peers=2 p2p=aligned aligned=True failed=
2026-08-06 10:42:40 OK mesh aligned 18180:h3164/p2 18181:h3164/p2 18182:h3164/p2
2026-08-06 10:47:48 WARN OK port 18180 [full] height=3167 peers=2 p2p=aligned aligned=True failed=peer_probe_ok
2026-08-06 10:47:56 WARN OK port 18181 [full] height=3167 peers=2 p2p=inconsistent aligned=True failed=peer_probe_ok,p2p_state_consistent
2026-08-06 10:48:04 WARN OK port 18182 [full] height=3167 peers=2 p2p=inconsistent aligned=True failed=peer_probe_ok,p2p_state_consistent
2026-08-06 10:48:05 OK mesh aligned 18180:h3167/p2 18181:h3167/p2 18182:h3167/p2
2026-08-06 10:53:08 OK port 18180 [quick] height=3171 peers=2 p2p=aligned aligned=True failed=
2026-08-06 10:53:11 WARN OK port 18181 [quick] height=3171 peers=2 p2p=inconsistent aligned=True failed=peer_probe_ok,p2p_state_consistent
2026-08-06 10:53:14 OK port 18182 [quick] height=3171 peers=2 p2p=aligned aligned=True failed=
2026-08-06 10:53:14 OK mesh aligned 18180:h3171/p2 18181:h3171/p2 18182:h3171/p2
2026-08-06 10:58:17 OK port 18180 [quick] height=3175 peers=2 p2p=aligned aligned=True failed=
2026-08-06 10:58:20 OK port 18181 [quick] height=3175 peers=2 p2p=aligned aligned=True failed=
2026-08-06 10:58:24 OK port 18182 [quick] height=3175 peers=2 p2p=aligned aligned=True failed=
2026-08-06 10:58:24 OK mesh aligned 18180:h3175/p2 18181:h3175/p2 18182:h3175/p2
2026-08-06 11:03:27 OK port 18180 [quick] height=3179 peers=2 p2p=aligned aligned=True failed=
2026-08-06 11:03:27 OK port 18181 [quick] height=3179 peers=2 p2p=aligned aligned=True failed=
2026-08-06 11:03:31 OK port 18182 [quick] height=3179 peers=2 p2p=aligned aligned=True failed=
2026-08-06 11:03:31 OK mesh aligned 18180:h3179/p2 18181:h3179/p2 18182:h3179/p2
2026-08-06 11:08:34 OK port 18180 [quick] height=3183 peers=2 p2p=aligned aligned=True failed=
2026-08-06 11:08:34 OK port 18181 [quick] height=3183 peers=1 p2p=under_mesh aligned=True failed= (p2p not full mesh; chain OK)
2026-08-06 11:08:35 OK port 18182 [quick] height=3183 peers=2 p2p=aligned aligned=True failed=
2026-08-06 11:08:35 OK mesh aligned 18180:h3183/p1 18181:h3183/p1 18182:h3183/p2
2026-08-06 11:13:38 WARN OK port 18180 [quick] height=3187 peers=2 p2p=inconsistent aligned=True failed=peer_probe_ok,p2p_state_consistent
2026-08-06 11:13:41 OK port 18181 [quick] height=3187 peers=2 p2p=aligned aligned=True failed=
2026-08-06 11:13:44 WARN OK port 18182 [quick] height=3187 peers=2 p2p=inconsistent aligned=True failed=peer_probe_ok,p2p_state_consistent
2026-08-06 11:13:45 OK mesh aligned 18180:h3187/p2 18181:h3187/p2 18182:h3187/p2
2026-08-06 11:18:53 WARN OK port 18180 [full] height=3190 peers=2 p2p=inconsistent aligned=True failed=peer_probe_ok,p2p_state_consistent
2026-08-06 11:18:53 OK port 18181 [full] height=3190 peers=2 p2p=aligned aligned=True failed=
2026-08-06 11:18:54 OK port 18182 [full] height=3190 peers=2 p2p=aligned aligned=True failed=
2026-08-06 11:18:54 OK mesh aligned 18180:h3190/p2 18181:h3190/p2 18182:h3190/p2
2026-08-06 11:23:57 OK port 18180 [quick] height=3194 peers=2 p2p=aligned aligned=True failed=
2026-08-06 11:24:00 OK port 18181 [quick] height=3194 peers=2 p2p=aligned aligned=True failed=
2026-08-06 11:24:03 OK port 18182 [quick] height=3194 peers=2 p2p=aligned aligned=True failed=
2026-08-06 11:24:04 OK mesh aligned 18180:h3194/p2 18181:h3194/p2 18182:h3194/p2
2026-08-06 11:29:07 OK port 18180 [quick] height=3199 peers=2 p2p=aligned aligned=True failed=
2026-08-06 11:29:10 OK port 18181 [quick] height=3199 peers=2 p2p=aligned aligned=True failed=
2026-08-06 11:29:13 OK port 18182 [quick] height=3199 peers=2 p2p=aligned aligned=True failed=
2026-08-06 11:29:13 OK mesh aligned 18180:h3199/p2 18181:h3199/p2 18182:h3199/p2
2026-08-06 11:34:17 OK port 18180 [quick] height=3204 peers=2 p2p=aligned aligned=True failed=
2026-08-06 11:34:20 OK port 18181 [quick] height=3204 peers=2 p2p=aligned aligned=True failed=
2026-08-06 11:34:23 OK port 18182 [quick] height=3204 peers=2 p2p=aligned aligned=True failed=
2026-08-06 11:34:23 OK mesh aligned 18180:h3204/p2 18181:h3204/p2 18182:h3204/p2
2026-08-06 11:39:26 OK port 18180 [quick] height=3209 peers=2 p2p=aligned aligned=True failed=
2026-08-06 11:39:29 OK port 18181 [quick] height=3209 peers=2 p2p=aligned aligned=True failed=
2026-08-06 11:39:33 WARN OK port 18182 [quick] height=3209 peers=2 p2p=inconsistent aligned=True failed=peer_probe_ok,p2p_state_consistent
2026-08-06 11:39:33 OK mesh aligned 18180:h3209/p2 18181:h3209/p2 18182:h3209/p2
2026-08-06 11:44:36 WARN OK port 18180 [quick] height=3213 peers=2 p2p=inconsistent aligned=True failed=peer_probe_ok,p2p_state_consistent
2026-08-06 11:44:39 WARN OK port 18181 [quick] height=3213 peers=2 p2p=inconsistent aligned=True failed=peer_probe_ok,p2p_state_consistent
2026-08-06 11:44:42 OK port 18182 [quick] height=3213 peers=2 p2p=aligned aligned=True failed=
2026-08-06 11:44:43 OK mesh aligned 18180:h3213/p2 18181:h3213/p2 18182:h3213/p2
2026-08-06 11:49:51 WARN OK port 18180 [full] height=3216 peers=2 p2p=aligned aligned=True failed=peer_probe_ok
2026-08-06 11:49:56 OK port 18181 [full] height=3216 peers=2 p2p=aligned aligned=True failed=
2026-08-06 11:50:04 WARN OK port 18182 [full] height=3216 peers=2 p2p=aligned aligned=True failed=peer_probe_ok
2026-08-06 11:50:04 OK mesh aligned 18180:h3216/p1 18181:h3216/p2 18182:h3216/p1
2026-08-06 11:55:07 OK port 18180 [quick] height=3220 peers=2 p2p=aligned aligned=True failed=
2026-08-06 11:55:10 OK port 18181 [quick] height=3220 peers=2 p2p=aligned aligned=True failed=
2026-08-06 11:55:14 OK port 18182 [quick] height=3220 peers=2 p2p=aligned aligned=True failed=
2026-08-06 11:55:14 OK mesh aligned 18180:h3220/p2 18181:h3220/p2 18182:h3220/p2
2026-08-06 12:00:17 WARN OK port 18180 [quick] height=3224 peers=2 p2p=inconsistent aligned=True failed=peer_probe_ok,p2p_state_consistent
2026-08-06 12:00:20 WARN OK port 18181 [quick] height=3224 peers=2 p2p=inconsistent aligned=True failed=peer_probe_ok,p2p_state_consistent
2026-08-06 12:00:21 OK port 18182 [quick] height=3224 peers=2 p2p=aligned aligned=True failed=
2026-08-06 12:00:21 OK mesh aligned 18180:h3224/p2 18181:h3224/p2 18182:h3224/p2
2026-08-06 12:05:24 WARN OK port 18180 [quick] height=3228 peers=2 p2p=inconsistent aligned=True failed=peer_probe_ok,p2p_state_consistent
2026-08-06 12:05:27 OK port 18181 [quick] height=3228 peers=2 p2p=aligned aligned=True failed=
2026-08-06 12:05:30 WARN OK port 18182 [quick] height=3228 peers=2 p2p=inconsistent aligned=True failed=peer_probe_ok,p2p_state_consistent
2026-08-06 12:05:31 OK mesh aligned 18180:h3228/p2 18181:h3228/p2 18182:h3228/p2
2026-08-06 12:10:34 OK port 18180 [quick] height=3230 peers=2 p2p=aligned aligned=True failed=
2026-08-06 12:10:37 OK port 18181 [quick] height=3230 peers=2 p2p=aligned aligned=True failed=
2026-08-06 12:10:40 OK port 18182 [quick] height=3230 peers=2 p2p=aligned aligned=True failed=
2026-08-06 12:10:40 OK mesh aligned 18180:h3230/p2 18181:h3230/p2 18182:h3230/p2
2026-08-06 12:15:43 OK port 18180 [quick] height=3235 peers=2 p2p=aligned aligned=True failed=
2026-08-06 12:15:47 OK port 18181 [quick] height=3235 peers=2 p2p=aligned aligned=True failed=
2026-08-06 12:15:50 OK port 18182 [quick] height=3235 peers=2 p2p=aligned aligned=True failed=
2026-08-06 12:15:50 OK mesh aligned 18180:h3235/p2 18181:h3235/p2 18182:h3235/p2
2026-08-06 12:20:58 WARN OK port 18180 [full] height=3239 peers=2 p2p=aligned aligned=True failed=peer_probe_ok
2026-08-06 12:21:05 OK port 18181 [full] height=3239 peers=2 p2p=aligned aligned=True failed=
2026-08-06 12:21:05 OK port 18182 [full] height=3239 peers=2 p2p=aligned aligned=True failed=
2026-08-06 12:21:05 OK mesh aligned 18180:h3239/p2 18181:h3239/p2 18182:h3239/p2
2026-08-06 12:26:09 OK port 18180 [quick] height=3243 peers=2 p2p=aligned aligned=True failed=
2026-08-06 12:26:12 WARN OK port 18181 [quick] height=3243 peers=2 p2p=inconsistent aligned=True failed=peer_probe_ok,p2p_state_consistent
2026-08-06 12:26:15 OK port 18182 [quick] height=3243 peers=2 p2p=aligned aligned=True failed=
2026-08-06 12:26:15 OK mesh aligned 18180:h3243/p2 18181:h3243/p2 18182:h3243/p2
2026-08-06 12:31:18 OK port 18180 [quick] height=3247 peers=2 p2p=aligned aligned=True failed=
2026-08-06 12:31:21 OK port 18181 [quick] height=3247 peers=2 p2p=aligned aligned=True failed=
2026-08-06 12:31:25 WARN OK port 18182 [quick] height=3247 peers=2 p2p=inconsistent aligned=True failed=peer_probe_ok,p2p_state_consistent
2026-08-06 12:31:25 OK mesh aligned 18180:h3247/p2 18181:h3247/p2 18182:h3247/p2
2026-08-06 12:36:28 OK port 18180 [quick] height=3250 peers=2 p2p=aligned aligned=True failed=
2026-08-06 12:36:31 WARN OK port 18181 [quick] height=3250 peers=2 p2p=inconsistent aligned=True failed=peer_probe_ok,p2p_state_consistent
2026-08-06 12:36:34 OK port 18182 [quick] height=3250 peers=2 p2p=aligned aligned=True failed=
2026-08-06 12:36:35 OK mesh aligned 18180:h3250/p2 18181:h3250/p2 18182:h3250/p2
2026-08-06 12:41:38 OK port 18180 [quick] height=3254 peers=2 p2p=aligned aligned=True failed=
2026-08-06 12:41:41 OK port 18181 [quick] height=3254 peers=2 p2p=aligned aligned=True failed=
2026-08-06 12:41:44 OK port 18182 [quick] height=3254 peers=2 p2p=aligned aligned=True failed=
2026-08-06 12:41:45 OK mesh aligned 18180:h3254/p2 18181:h3254/p2 18182:h3254/p2
2026-08-06 12:46:48 OK port 18180 [quick] height=3259 peers=2 p2p=aligned aligned=True failed=
2026-08-06 12:46:51 OK port 18181 [quick] height=3259 peers=2 p2p=aligned aligned=True failed=
2026-08-06 12:46:54 OK port 18182 [quick] height=3259 peers=2 p2p=aligned aligned=True failed=
2026-08-06 12:46:54 OK mesh aligned 18180:h3259/p2 18181:h3259/p2 18182:h3259/p2
2026-08-06 12:52:03 WARN OK port 18180 [full] height=3263 peers=2 p2p=aligned aligned=True failed=peer_probe_ok
2026-08-06 12:52:11 WARN OK port 18181 [full] height=3263 peers=2 p2p=aligned aligned=True failed=peer_probe_ok
2026-08-06 12:52:19 WARN OK port 18182 [full] height=3263 peers=2 p2p=aligned aligned=True failed=peer_probe_ok
2026-08-06 12:52:20 OK mesh aligned 18180:h3263/p2 18181:h3263/p2 18182:h3263/p2
2026-08-06 12:57:23 WARN OK port 18180 [quick] height=3267 peers=2 p2p=inconsistent aligned=True failed=peer_probe_ok,p2p_state_consistent
2026-08-06 12:57:23 OK port 18181 [quick] height=3267 peers=2 p2p=aligned aligned=True failed=
2026-08-06 12:57:24 WARN OK port 18182 [quick] height=3267 peers=2 p2p=inconsistent aligned=True failed=p2p_state_consistent
2026-08-06 12:57:25 OK mesh aligned 18180:h3267/p2 18181:h3267/p2 18182:h3267/p2
2026-08-06 13:02:28 OK port 18180 [quick] height=3268 peers=2 p2p=aligned aligned=True failed=
2026-08-06 13:02:31 OK port 18181 [quick] height=3268 peers=2 p2p=inconsistent aligned=True failed=
2026-08-06 13:02:34 WARN OK port 18182 [quick] height=3268 peers=2 p2p=inconsistent aligned=True failed=peer_probe_ok,p2p_state_consistent
2026-08-06 13:02:35 OK mesh aligned 18180:h3268/p2 18181:h3268/p2 18182:h3268/p2
2026-08-06 13:07:38 WARN OK port 18180 [quick] height=3272 peers=2 p2p=inconsistent aligned=True failed=peer_probe_ok,p2p_state_consistent
2026-08-06 13:07:41 WARN OK port 18181 [quick] height=3272 peers=2 p2p=inconsistent aligned=True failed=peer_probe_ok,p2p_state_consistent
2026-08-06 13:07:44 OK port 18182 [quick] height=3272 peers=2 p2p=aligned aligned=True failed=
2026-08-06 13:07:44 OK mesh aligned 18180:h3272/p2 18181:h3272/p2 18182:h3272/p2
2026-08-06 13:12:47 OK port 18180 [quick] height=3276 peers=2 p2p=aligned aligned=True failed=
2026-08-06 13:12:51 WARN OK port 18181 [quick] height=3276 peers=2 p2p=inconsistent aligned=True failed=peer_probe_ok,p2p_state_consistent
2026-08-06 13:12:54 WARN OK port 18182 [quick] height=3276 peers=2 p2p=inconsistent aligned=True failed=peer_probe_ok,p2p_state_consistent
2026-08-06 13:12:54 OK mesh aligned 18180:h3276/p2 18181:h3276/p2 18182:h3276/p2
2026-08-06 13:17:57 OK port 18180 [quick] height=3279 peers=2 p2p=aligned aligned=True failed=
2026-08-06 13:18:00 WARN OK port 18181 [quick] height=3279 peers=2 p2p=inconsistent aligned=True failed=peer_probe_ok,p2p_state_consistent
2026-08-06 13:18:04 WARN OK port 18182 [quick] height=3279 peers=2 p2p=inconsistent aligned=True failed=peer_probe_ok,p2p_state_consistent
2026-08-06 13:18:04 OK mesh aligned 18180:h3279/p2 18181:h3279/p2 18182:h3279/p2
2026-08-06 13:23:10 OK port 18180 [full] height=3283 peers=2 p2p=inconsistent aligned=True failed=
2026-08-06 13:23:10 OK port 18181 [full] height=3283 peers=2 p2p=aligned aligned=True failed=
2026-08-06 13:23:11 OK port 18182 [full] height=3283 peers=2 p2p=aligned aligned=True failed=
2026-08-06 13:23:11 OK mesh aligned 18180:h3284/p2 18181:h3284/p2 18182:h3284/p2
2026-08-06 13:28:14 WARN OK port 18180 [quick] height=3286 peers=2 p2p=inconsistent aligned=True failed=peer_probe_ok,p2p_state_consistent
2026-08-06 13:28:15 OK port 18181 [quick] height=3286 peers=2 p2p=aligned aligned=True failed=
2026-08-06 13:28:15 OK port 18182 [quick] height=3286 peers=2 p2p=aligned aligned=True failed=
2026-08-06 13:28:16 OK mesh aligned 18180:h3286/p2 18181:h3286/p2 18182:h3286/p2
2026-08-06 13:33:16 WARN OK port 18180 [quick] height=3289 peers=1 p2p=under_mesh aligned=True failed=p2p_state_consistent
2026-08-06 13:33:16 WARN OK port 18181 [quick] height=3289 peers=1 p2p=under_mesh aligned=True failed=p2p_state_consistent
2026-08-06 13:33:17 OK port 18182 [quick] height=3289 peers=2 p2p=aligned aligned=True failed=
2026-08-06 13:33:17 OK mesh aligned 18180:h3289/p1 18181:h3289/p1 18182:h3289/p2
2026-08-06 13:38:20 WARN OK port 18180 [quick] height=3293 peers=2 p2p=inconsistent aligned=True failed=peer_probe_ok,p2p_state_consistent
2026-08-06 13:38:24 OK port 18181 [quick] height=3293 peers=2 p2p=aligned aligned=True failed=
2026-08-06 13:38:27 WARN OK port 18182 [quick] height=3293 peers=2 p2p=inconsistent aligned=True failed=peer_probe_ok,p2p_state_consistent
2026-08-06 13:38:27 OK mesh aligned 18180:h3293/p2 18181:h3293/p2 18182:h3293/p2
2026-08-06 13:43:30 OK port 18180 [quick] height=3296 peers=2 p2p=aligned aligned=True failed=
2026-08-06 13:43:33 OK port 18181 [quick] height=3296 peers=2 p2p=aligned aligned=True failed=
2026-08-06 13:43:36 WARN OK port 18182 [quick] height=3296 peers=2 p2p=inconsistent aligned=True failed=peer_probe_ok,p2p_state_consistent
2026-08-06 13:43:37 OK mesh aligned 18180:h3296/p2 18181:h3296/p2 18182:h3296/p2
2026-08-06 13:48:40 OK port 18180 [quick] height=3300 peers=2 p2p=aligned aligned=True failed=
2026-08-06 13:48:43 OK port 18181 [quick] height=3300 peers=2 p2p=aligned aligned=True failed=
2026-08-06 13:48:46 OK port 18182 [quick] height=3300 peers=2 p2p=aligned aligned=True failed=
2026-08-06 13:48:47 OK mesh aligned 18180:h3300/p2 18181:h3300/p2 18182:h3300/p2
2026-08-06 13:53:55 WARN OK port 18180 [full] height=3303 peers=2 p2p=aligned aligned=True failed=peer_probe_ok
2026-08-06 13:54:03 WARN OK port 18181 [full] height=3303 peers=2 p2p=aligned aligned=True failed=peer_probe_ok
2026-08-06 13:54:03 OK port 18182 [full] height=3303 peers=2 p2p=aligned aligned=True failed=
2026-08-06 13:54:04 OK mesh aligned 18180:h3303/p2 18181:h3303/p2 18182:h3303/p2
2026-08-06 13:59:07 OK port 18180 [quick] height=3307 peers=2 p2p=aligned aligned=True failed=
2026-08-06 13:59:10 OK port 18181 [quick] height=3307 peers=2 p2p=aligned aligned=True failed=
2026-08-06 13:59:13 OK port 18182 [quick] height=3307 peers=2 p2p=aligned aligned=True failed=
2026-08-06 13:59:14 OK mesh aligned 18180:h3307/p2 18181:h3307/p2 18182:h3307/p2
2026-08-06 14:04:17 WARN OK port 18180 [quick] height=3311 peers=2 p2p=inconsistent aligned=True failed=peer_probe_ok,p2p_state_consistent
2026-08-06 14:04:20 WARN OK port 18181 [quick] height=3311 peers=2 p2p=inconsistent aligned=True failed=peer_probe_ok,p2p_state_consistent
2026-08-06 14:04:20 OK port 18182 [quick] height=3311 peers=2 p2p=aligned aligned=True failed=
2026-08-06 14:04:21 OK mesh aligned 18180:h3311/p2 18181:h3311/p2 18182:h3311/p2
2026-08-06 14:09:24 OK port 18180 [quick] height=3315 peers=2 p2p=aligned aligned=True failed=
2026-08-06 14:09:27 OK port 18181 [quick] height=3315 peers=2 p2p=aligned aligned=True failed=
2026-08-06 14:09:30 OK port 18182 [quick] height=3315 peers=2 p2p=aligned aligned=True failed=
2026-08-06 14:09:31 OK mesh aligned 18180:h3315/p2 18181:h3315/p2 18182:h3315/p2
2026-08-06 14:14:34 WARN OK port 18180 [quick] height=3318 peers=2 p2p=inconsistent aligned=True failed=peer_probe_ok,p2p_state_consistent
2026-08-06 14:14:37 WARN OK port 18181 [quick] height=3318 peers=2 p2p=aligned aligned=True failed=peer_probe_ok,p2p_state_consistent
2026-08-06 14:14:40 WARN OK port 18182 [quick] height=3318 peers=2 p2p=inconsistent aligned=True failed=peer_probe_ok,p2p_state_consistent
2026-08-06 14:14:40 OK mesh aligned 18180:h3318/p2 18181:h3318/p2 18182:h3318/p2
2026-08-06 14:19:44 OK port 18180 [quick] height=3322 peers=2 p2p=aligned aligned=True failed=
2026-08-06 14:19:47 OK port 18181 [quick] height=3322 peers=2 p2p=aligned aligned=True failed=
2026-08-06 14:19:50 OK port 18182 [quick] height=3322 peers=2 p2p=aligned aligned=True failed=
2026-08-06 14:19:50 OK mesh aligned 18180:h3322/p2 18181:h3322/p2 18182:h3322/p2
2026-08-06 14:24:59 WARN OK port 18180 [full] height=3325 peers=2 p2p=aligned aligned=True failed=peer_probe_ok
2026-08-06 14:24:59 OK port 18181 [full] height=3325 peers=2 p2p=aligned aligned=True failed=
2026-08-06 14:25:06 WARN OK port 18182 [full] height=3325 peers=2 p2p=aligned aligned=True failed=p2p_state_consistent
2026-08-06 14:25:07 OK mesh aligned 18180:h3326/p2 18181:h3326/p2 18182:h3326/p2
2026-08-06 14:30:10 WARN OK port 18180 [quick] height=3328 peers=1 p2p=under_mesh aligned=True failed=peer_probe_ok,p2p_state_consistent
2026-08-06 14:30:10 WARN OK port 18181 [quick] height=3328 peers=1 p2p=under_mesh aligned=True failed=p2p_state_consistent
2026-08-06 14:30:14 WARN OK port 18182 [quick] height=3328 peers=1 p2p=under_mesh aligned=True failed=peer_probe_ok,p2p_state_consistent
2026-08-06 14:30:14 OK mesh aligned 18180:h3328/p1 18181:h3328/p1 18182:h3328/p1
2026-08-06 14:35:17 WARN OK port 18180 [quick] height=3328 peers=1 p2p=under_mesh aligned=True failed=peer_probe_ok,p2p_state_consistent
2026-08-06 14:35:18 WARN OK port 18181 [quick] height=3328 peers=1 p2p=under_mesh aligned=True failed=p2p_state_consistent
2026-08-06 14:35:18 WARN OK port 18182 [quick] height=3328 peers=1 p2p=under_mesh aligned=True failed=p2p_state_consistent
2026-08-06 14:35:18 OK mesh aligned 18180:h3328/p1 18181:h3328/p1 18182:h3328/p1
2026-08-06 14:40:22 OK port 18180 [quick] height=3329 peers=2 p2p=aligned aligned=True failed=
2026-08-06 14:40:25 OK port 18181 [quick] height=3329 peers=2 p2p=aligned aligned=True failed=
2026-08-06 14:40:28 OK port 18182 [quick] height=3329 peers=2 p2p=aligned aligned=True failed=
2026-08-06 14:40:28 OK mesh aligned 18180:h3329/p2 18181:h3329/p2 18182:h3329/p2
2026-08-06 14:45:32 OK port 18180 [quick] height=3334 peers=2 p2p=aligned aligned=True failed=
2026-08-06 14:45:35 WARN OK port 18181 [quick] height=3334 peers=2 p2p=inconsistent aligned=True failed=peer_probe_ok,p2p_state_consistent
2026-08-06 14:45:38 OK port 18182 [quick] height=3334 peers=2 p2p=aligned aligned=True failed=
2026-08-06 14:45:38 OK mesh aligned 18180:h3334/p2 18181:h3334/p2 18182:h3334/p2
2026-08-06 14:50:42 WARN OK port 18180 [quick] height=3337 peers=2 p2p=inconsistent aligned=True failed=peer_probe_ok,p2p_state_consistent
2026-08-06 14:50:42 OK port 18181 [quick] height=3337 peers=2 p2p=aligned aligned=True failed=
2026-08-06 14:50:42 OK port 18182 [quick] height=3337 peers=2 p2p=aligned aligned=True failed=
2026-08-06 14:50:43 OK mesh aligned 18180:h3337/p2 18181:h3337/p2 18182:h3337/p2
2026-08-06 14:55:51 WARN OK port 18180 [full] height=3341 peers=2 p2p=aligned aligned=True failed=peer_probe_ok
2026-08-06 14:55:59 WARN OK port 18181 [full] height=3341 peers=2 p2p=aligned aligned=True failed=peer_probe_ok
2026-08-06 14:56:07 WARN OK port 18182 [full] height=3341 peers=2 p2p=aligned aligned=True failed=peer_probe_ok
2026-08-06 14:56:08 OK mesh aligned 18180:h3341/p2 18181:h3341/p2 18182:h3341/p2
2026-08-06 15:01:11 OK port 18180 [quick] height=3346 peers=2 p2p=aligned aligned=True failed=
2026-08-06 15:01:14 OK port 18181 [quick] height=3346 peers=2 p2p=aligned aligned=True failed=
2026-08-06 15:01:17 OK port 18182 [quick] height=3346 peers=2 p2p=aligned aligned=True failed=
2026-08-06 15:01:18 OK mesh aligned 18180:h3346/p2 18181:h3346/p2 18182:h3346/p2
2026-08-06 15:06:21 WARN OK port 18180 [quick] height=3350 peers=2 p2p=inconsistent aligned=True failed=peer_probe_ok,p2p_state_consistent
2026-08-06 15:06:21 OK port 18181 [quick] height=3350 peers=2 p2p=aligned aligned=True failed=
2026-08-06 15:06:22 OK port 18182 [quick] height=3350 peers=2 p2p=aligned aligned=True failed=
2026-08-06 15:06:22 OK mesh aligned 18180:h3350/p2 18181:h3350/p2 18182:h3350/p2
2026-08-06 15:11:25 OK port 18180 [quick] height=3355 peers=2 p2p=aligned aligned=True failed=
2026-08-06 15:11:28 OK port 18181 [quick] height=3355 peers=2 p2p=aligned aligned=True failed=
2026-08-06 15:11:32 OK port 18182 [quick] height=3355 peers=2 p2p=aligned aligned=True failed=
2026-08-06 15:11:32 OK mesh aligned 18180:h3355/p2 18181:h3355/p2 18182:h3355/p2
2026-08-06 15:16:35 WARN OK port 18180 [quick] height=3358 peers=2 p2p=inconsistent aligned=True failed=peer_probe_ok,p2p_state_consistent
2026-08-06 15:16:36 OK port 18181 [quick] height=3358 peers=2 p2p=aligned aligned=True failed=
2026-08-06 15:16:36 OK port 18182 [quick] height=3358 peers=2 p2p=aligned aligned=True failed=
2026-08-06 15:16:37 OK mesh aligned 18180:h3358/p2 18181:h3358/p2 18182:h3358/p2
2026-08-06 15:21:40 WARN OK port 18180 [quick] height=3362 peers=2 p2p=inconsistent aligned=True failed=peer_probe_ok,p2p_state_consistent
2026-08-06 15:21:43 OK port 18181 [quick] height=3362 peers=2 p2p=aligned aligned=True failed=
2026-08-06 15:21:46 OK port 18182 [quick] height=3362 peers=2 p2p=aligned aligned=True failed=
2026-08-06 15:21:47 OK mesh aligned 18180:h3362/p2 18181:h3362/p2 18182:h3362/p2
2026-08-06 15:26:55 WARN OK port 18180 [full] height=3366 peers=2 p2p=inconsistent aligned=True failed=peer_probe_ok,p2p_state_consistent
2026-08-06 15:26:56 OK port 18181 [full] height=3366 peers=2 p2p=inconsistent aligned=True failed=
2026-08-06 15:27:04 WARN OK port 18182 [full] height=3366 peers=2 p2p=aligned aligned=True failed=peer_probe_ok
2026-08-06 15:27:04 OK mesh aligned 18180:h3366/p1 18181:h3366/p2 18182:h3366/p1
2026-08-06 15:32:07 WARN OK port 18180 [quick] height=3370 peers=2 p2p=inconsistent aligned=True failed=peer_probe_ok,p2p_state_consistent
2026-08-06 15:32:11 OK port 18181 [quick] height=3370 peers=2 p2p=aligned aligned=True failed=
2026-08-06 15:32:14 OK port 18182 [quick] height=3370 peers=2 p2p=aligned aligned=True failed=
2026-08-06 15:32:14 OK mesh aligned 18180:h3370/p2 18181:h3370/p2 18182:h3370/p2
2026-08-06 15:37:17 OK port 18180 [quick] height=3374 peers=2 p2p=aligned aligned=True failed=
2026-08-06 15:37:21 OK port 18181 [quick] height=3374 peers=2 p2p=aligned aligned=True failed=
2026-08-06 15:37:24 OK port 18182 [quick] height=3374 peers=2 p2p=aligned aligned=True failed=
2026-08-06 15:37:24 OK mesh aligned 18180:h3374/p2 18181:h3374/p2 18182:h3374/p2
2026-08-06 15:42:27 OK port 18180 [quick] height=3377 peers=2 p2p=aligned aligned=True failed=
2026-08-06 15:42:30 OK port 18181 [quick] height=3377 peers=2 p2p=aligned aligned=True failed=
2026-08-06 15:42:34 OK port 18182 [quick] height=3377 peers=2 p2p=aligned aligned=True failed=
2026-08-06 15:42:34 OK mesh aligned 18180:h3377/p2 18181:h3377/p2 18182:h3377/p2
2026-08-06 15:47:37 OK port 18180 [quick] height=3380 peers=2 p2p=aligned aligned=True failed=
2026-08-06 15:47:38 OK port 18181 [quick] height=3380 peers=2 p2p=aligned aligned=True failed=
2026-08-06 15:47:38 WARN OK port 18182 [quick] height=3380 peers=1 p2p=under_mesh aligned=True failed=p2p_state_consistent
2026-08-06 15:47:39 OK mesh aligned 18180:h3380/p1 18181:h3380/p2 18182:h3380/p1
2026-08-06 15:52:42 OK port 18180 [quick] height=3385 peers=2 p2p=inconsistent aligned=True failed=
2026-08-06 15:52:45 OK port 18181 [quick] height=3385 peers=2 p2p=aligned aligned=True failed=
2026-08-06 15:52:48 OK port 18182 [quick] height=3385 peers=2 p2p=aligned aligned=True failed=
2026-08-06 15:52:49 OK mesh aligned 18180:h3385/p2 18181:h3385/p2 18182:h3385/p2
2026-08-06 15:57:57 WARN OK port 18180 [full] height=3388 peers=1 p2p=under_mesh aligned=True failed=peer_probe_ok,p2p_state_consistent
2026-08-06 15:57:57 WARN OK port 18181 [full] height=3388 peers=1 p2p=under_mesh aligned=True failed=p2p_state_consistent
2026-08-06 15:57:58 OK port 18182 [full] height=3388 peers=1 p2p=under_mesh aligned=True failed= (p2p not full mesh; chain OK)
2026-08-06 15:57:58 OK mesh aligned 18180:h3388/p1 18181:h3388/p1 18182:h3388/p1
2026-08-06 16:03:01 WARN OK port 18180 [quick] height=3388 peers=1 p2p=under_mesh aligned=True failed=peer_probe_ok,p2p_state_consistent
2026-08-06 16:03:02 WARN OK port 18181 [quick] height=3388 peers=1 p2p=under_mesh aligned=True failed=p2p_state_consistent
2026-08-06 16:03:02 OK port 18182 [quick] height=3388 peers=1 p2p=under_mesh aligned=True failed= (p2p not full mesh; chain OK)
2026-08-06 16:03:03 OK mesh aligned 18180:h3388/p1 18181:h3388/p1 18182:h3388/p1
2026-08-06 16:08:06 OK port 18180 [quick] height=3389 peers=2 p2p=aligned aligned=True failed=
2026-08-06 16:08:09 OK port 18181 [quick] height=3389 peers=2 p2p=aligned aligned=True failed=
2026-08-06 16:08:12 OK port 18182 [quick] height=3389 peers=2 p2p=aligned aligned=True failed=
2026-08-06 16:08:13 OK mesh aligned 18180:h3389/p2 18181:h3389/p2 18182:h3389/p2
2026-08-06 16:13:16 OK port 18180 [quick] height=3394 peers=2 p2p=aligned aligned=True failed=
2026-08-06 16:13:19 OK port 18181 [quick] height=3394 peers=2 p2p=aligned aligned=True failed=
2026-08-06 16:13:22 OK port 18182 [quick] height=3394 peers=2 p2p=aligned aligned=True failed=
2026-08-06 16:13:23 OK mesh aligned 18180:h3394/p2 18181:h3394/p2 18182:h3394/p2
2026-08-06 16:18:26 OK port 18180 [quick] height=3399 peers=2 p2p=aligned aligned=True failed=
2026-08-06 16:18:29 WARN OK port 18181 [quick] height=3399 peers=2 p2p=inconsistent aligned=True failed=peer_probe_ok,p2p_state_consistent
2026-08-06 16:18:32 OK port 18182 [quick] height=3399 peers=2 p2p=aligned aligned=True failed=
2026-08-06 16:18:33 OK mesh aligned 18180:h3399/p2 18181:h3399/p2 18182:h3399/p2
2026-08-06 16:23:36 OK port 18180 [quick] height=3402 peers=2 p2p=aligned aligned=True failed=
2026-08-06 16:23:39 OK port 18181 [quick] height=3402 peers=2 p2p=aligned aligned=True failed=
2026-08-06 16:23:42 OK port 18182 [quick] height=3402 peers=2 p2p=aligned aligned=True failed=
2026-08-06 16:23:43 OK mesh aligned 18180:h3402/p2 18181:h3402/p2 18182:h3402/p2
2026-08-06 16:28:51 WARN OK port 18180 [full] height=3405 peers=2 p2p=inconsistent aligned=True failed=peer_probe_ok
2026-08-06 16:28:59 WARN OK port 18181 [full] height=3405 peers=2 p2p=aligned aligned=True failed=peer_probe_ok
2026-08-06 16:29:07 WARN OK port 18182 [full] height=3405 peers=2 p2p=aligned aligned=True failed=peer_probe_ok
2026-08-06 16:29:08 OK mesh aligned 18180:h3405/p2 18181:h3405/p2 18182:h3405/p2
2026-08-06 16:34:11 OK port 18180 [quick] height=3408 peers=2 p2p=aligned aligned=True failed=
2026-08-06 16:34:14 OK port 18181 [quick] height=3408 peers=2 p2p=aligned aligned=True failed=
2026-08-06 16:34:17 OK port 18182 [quick] height=3408 peers=2 p2p=aligned aligned=True failed=
2026-08-06 16:34:18 OK mesh aligned 18180:h3408/p2 18181:h3408/p2 18182:h3408/p2
2026-08-06 16:39:21 WARN OK port 18180 [quick] height=3411 peers=2 p2p=inconsistent aligned=True failed=peer_probe_ok,p2p_state_consistent
2026-08-06 16:39:23 WARN OK port 18181 [quick] height=3411 peers=2 p2p=inconsistent aligned=True failed=p2p_state_consistent
2026-08-06 16:39:25 OK port 18182 [quick] height=3411 peers=2 p2p=aligned aligned=True failed=
2026-08-06 16:39:25 OK mesh aligned 18180:h3411/p2 18181:h3411/p2 18182:h3411/p2
2026-08-06 16:44:28 WARN OK port 18180 [quick] height=3415 peers=2 p2p=inconsistent aligned=True failed=peer_probe_ok,p2p_state_consistent
2026-08-06 16:44:31 OK port 18181 [quick] height=3415 peers=2 p2p=aligned aligned=True failed=
2026-08-06 16:44:35 WARN OK port 18182 [quick] height=3415 peers=2 p2p=inconsistent aligned=True failed=peer_probe_ok,p2p_state_consistent
2026-08-06 16:44:35 OK mesh aligned 18180:h3415/p2 18181:h3415/p2 18182:h3415/p2
2026-08-06 16:49:38 OK port 18180 [quick] height=3418 peers=2 p2p=aligned aligned=True failed=
2026-08-06 16:49:41 OK port 18181 [quick] height=3418 peers=2 p2p=aligned aligned=True failed=
2026-08-06 16:49:45 OK port 18182 [quick] height=3418 peers=2 p2p=aligned aligned=True failed=
2026-08-06 16:49:45 OK mesh aligned 18180:h3418/p2 18181:h3418/p2 18182:h3418/p2
2026-08-06 16:54:48 OK port 18180 [quick] height=3423 peers=2 p2p=aligned aligned=True failed=
2026-08-06 16:54:51 WARN OK port 18181 [quick] height=3423 peers=2 p2p=inconsistent aligned=True failed=peer_probe_ok,p2p_state_consistent
2026-08-06 16:54:55 WARN OK port 18182 [quick] height=3423 peers=2 p2p=inconsistent aligned=True failed=peer_probe_ok,p2p_state_consistent
2026-08-06 16:54:55 OK mesh aligned 18180:h3423/p2 18181:h3423/p2 18182:h3423/p2
2026-08-06 17:00:04 WARN OK port 18180 [full] height=3426 peers=2 p2p=aligned aligned=True failed=peer_probe_ok
2026-08-06 17:00:12 WARN OK port 18181 [full] height=3426 peers=2 p2p=inconsistent aligned=True failed=peer_probe_ok,p2p_state_consistent
2026-08-06 17:00:20 WARN OK port 18182 [full] height=3426 peers=2 p2p=aligned aligned=True failed=p2p_state_consistent
2026-08-06 17:00:20 OK mesh aligned 18180:h3426/p2 18181:h3426/p2 18182:h3426/p2
2026-08-06 17:05:23 OK port 18180 [quick] height=3431 peers=2 p2p=aligned aligned=True failed=
2026-08-06 17:05:26 OK port 18181 [quick] height=3431 peers=2 p2p=aligned aligned=True failed=
2026-08-06 17:05:30 OK port 18182 [quick] height=3431 peers=2 p2p=aligned aligned=True failed=
2026-08-06 17:05:30 OK mesh aligned 18180:h3431/p2 18181:h3431/p2 18182:h3431/p2
2026-08-06 17:10:33 OK port 18180 [quick] height=3434 peers=2 p2p=aligned aligned=True failed=
2026-08-06 17:10:37 OK port 18181 [quick] height=3434 peers=2 p2p=aligned aligned=True failed=
2026-08-06 17:10:40 OK port 18182 [quick] height=3434 peers=2 p2p=aligned aligned=True failed=
2026-08-06 17:10:40 OK mesh aligned 18180:h3434/p2 18181:h3434/p2 18182:h3434/p2
2026-08-06 17:15:43 OK port 18180 [quick] height=3437 peers=2 p2p=aligned aligned=True failed=
2026-08-06 17:15:47 OK port 18181 [quick] height=3437 peers=2 p2p=aligned aligned=True failed=
2026-08-06 17:15:50 OK port 18182 [quick] height=3437 peers=2 p2p=aligned aligned=True failed=
2026-08-06 17:15:50 OK mesh aligned 18180:h3437/p2 18181:h3437/p2 18182:h3437/p2
2026-08-06 17:20:53 OK port 18180 [quick] height=3440 peers=2 p2p=aligned aligned=True failed=
2026-08-06 17:20:57 OK port 18181 [quick] height=3440 peers=2 p2p=aligned aligned=True failed=
2026-08-06 17:20:57 OK port 18182 [quick] height=3440 peers=2 p2p=aligned aligned=True failed=
2026-08-06 17:20:58 OK mesh aligned 18180:h3440/p2 18181:h3440/p2 18182:h3440/p2
2026-08-06 17:26:01 WARN OK port 18180 [quick] height=3442 peers=2 p2p=inconsistent aligned=True failed=peer_probe_ok,p2p_state_consistent
2026-08-06 17:26:01 OK port 18181 [quick] height=3442 peers=2 p2p=aligned aligned=True failed=
2026-08-06 17:26:02 OK port 18182 [quick] height=3442 peers=2 p2p=aligned aligned=True failed=
2026-08-06 17:26:02 OK mesh aligned 18180:h3442/p2 18181:h3442/p2 18182:h3442/p2
2026-08-06 17:31:10 WARN OK port 18180 [full] height=3446 peers=2 p2p=aligned aligned=True failed=peer_probe_ok
2026-08-06 17:31:19 WARN OK port 18181 [full] height=3446 peers=2 p2p=aligned aligned=True failed=peer_probe_ok
2026-08-06 17:31:27 WARN OK port 18182 [full] height=3446 peers=2 p2p=aligned aligned=True failed=peer_probe_ok
2026-08-06 17:31:27 OK mesh aligned 18180:h3446/p2 18181:h3446/p2 18182:h3446/p2
2026-08-06 17:36:31 OK port 18180 [quick] height=3451 peers=2 p2p=aligned aligned=True failed=
2026-08-06 17:36:34 OK port 18181 [quick] height=3451 peers=2 p2p=aligned aligned=True failed=
2026-08-06 17:36:37 OK port 18182 [quick] height=3451 peers=2 p2p=aligned aligned=True failed=
2026-08-06 17:36:38 OK mesh aligned 18180:h3451/p2 18181:h3451/p2 18182:h3451/p2
2026-08-06 17:41:41 OK port 18180 [quick] height=3456 peers=2 p2p=aligned aligned=True failed=
2026-08-06 17:41:44 OK port 18181 [quick] height=3456 peers=2 p2p=aligned aligned=True failed=
2026-08-06 17:41:47 OK port 18182 [quick] height=3456 peers=2 p2p=aligned aligned=True failed=
2026-08-06 17:41:48 OK mesh aligned 18180:h3456/p2 18181:h3456/p2 18182:h3456/p2
2026-08-06 17:46:51 WARN OK port 18180 [quick] height=3460 peers=2 p2p=inconsistent aligned=True failed=peer_probe_ok,p2p_state_consistent
2026-08-06 17:46:51 OK port 18181 [quick] height=3460 peers=1 p2p=under_mesh aligned=True failed= (p2p not full mesh; chain OK)
2026-08-06 17:46:52 OK port 18182 [quick] height=3460 peers=2 p2p=aligned aligned=True failed=
2026-08-06 17:46:52 OK mesh aligned 18180:h3460/p1 18181:h3460/p1 18182:h3460/p2
2026-08-06 17:51:55 OK port 18180 [quick] height=3463 peers=2 p2p=aligned aligned=True failed=
2026-08-06 17:51:57 OK port 18181 [quick] height=3463 peers=2 p2p=aligned aligned=True failed=
2026-08-06 17:52:01 WARN OK port 18182 [quick] height=3463 peers=2 p2p=inconsistent aligned=True failed=peer_probe_ok,p2p_state_consistent
2026-08-06 17:52:01 OK mesh aligned 18180:h3463/p2 18181:h3463/p2 18182:h3463/p2
2026-08-06 17:57:04 OK port 18180 [quick] height=3466 peers=2 p2p=inconsistent aligned=True failed=
2026-08-06 17:57:04 OK port 18181 [quick] height=3466 peers=2 p2p=aligned aligned=True failed=
2026-08-06 17:57:04 WARN OK port 18182 [quick] height=3466 peers=2 p2p=inconsistent aligned=True failed=p2p_state_consistent
2026-08-06 17:57:05 OK mesh aligned 18180:h3467/p2 18181:h3467/p2 18182:h3467/p2
2026-08-06 18:02:13 WARN OK port 18180 [full] height=3471 peers=2 p2p=aligned aligned=True failed=peer_probe_ok
2026-08-06 18:02:21 WARN OK port 18181 [full] height=3471 peers=2 p2p=aligned aligned=True failed=peer_probe_ok
2026-08-06 18:02:30 WARN OK port 18182 [full] height=3471 peers=2 p2p=aligned aligned=True failed=peer_probe_ok
2026-08-06 18:02:30 OK mesh aligned 18180:h3471/p2 18181:h3471/p2 18182:h3471/p2
2026-08-06 18:07:33 OK port 18180 [quick] height=3475 peers=2 p2p=aligned aligned=True failed=
2026-08-06 18:07:37 WARN OK port 18181 [quick] height=3475 peers=2 p2p=inconsistent aligned=True failed=peer_probe_ok,p2p_state_consistent
2026-08-06 18:07:40 WARN OK port 18182 [quick] height=3475 peers=2 p2p=inconsistent aligned=True failed=peer_probe_ok,p2p_state_consistent
2026-08-06 18:07:40 OK mesh aligned 18180:h3475/p2 18181:h3475/p2 18182:h3475/p2
2026-08-06 18:12:44 WARN OK port 18180 [quick] height=3477 peers=2 p2p=inconsistent aligned=True failed=peer_probe_ok,p2p_state_consistent
2026-08-06 18:12:44 OK port 18181 [quick] height=3477 peers=2 p2p=aligned aligned=True failed=
2026-08-06 18:12:45 OK port 18182 [quick] height=3477 peers=2 p2p=aligned aligned=True failed=
2026-08-06 18:12:45 OK mesh aligned 18180:h3477/p2 18181:h3477/p2 18182:h3477/p2
2026-08-06 18:17:48 WARN OK port 18180 [quick] height=3481 peers=2 p2p=inconsistent aligned=True failed=peer_probe_ok,p2p_state_consistent
2026-08-06 18:17:52 OK port 18181 [quick] height=3481 peers=2 p2p=aligned aligned=True failed=
2026-08-06 18:17:55 OK port 18182 [quick] height=3481 peers=2 p2p=aligned aligned=True failed=
2026-08-06 18:17:55 OK mesh aligned 18180:h3481/p1 18181:h3481/p2 18182:h3481/p1
2026-08-06 18:22:58 OK port 18180 [quick] height=3484 peers=2 p2p=aligned aligned=True failed=
2026-08-06 18:23:02 OK port 18181 [quick] height=3484 peers=2 p2p=aligned aligned=True failed=
2026-08-06 18:23:03 OK port 18182 [quick] height=3484 peers=2 p2p=aligned aligned=True failed=
2026-08-06 18:23:04 OK mesh aligned 18180:h3484/p2 18181:h3484/p2 18182:h3484/p2
2026-08-06 18:28:07 OK port 18180 [quick] height=3489 peers=2 p2p=aligned aligned=True failed=
2026-08-06 18:28:10 OK port 18181 [quick] height=3489 peers=2 p2p=aligned aligned=True failed=
2026-08-06 18:28:14 WARN OK port 18182 [quick] height=3489 peers=2 p2p=inconsistent aligned=True failed=peer_probe_ok,p2p_state_consistent
2026-08-06 18:28:14 OK mesh aligned 18180:h3489/p2 18181:h3489/p2 18182:h3489/p2
2026-08-06 18:33:22 WARN OK port 18180 [full] height=3492 peers=2 p2p=aligned aligned=True failed=peer_probe_ok
2026-08-06 18:33:31 WARN OK port 18181 [full] height=3492 peers=2 p2p=aligned aligned=True failed=peer_probe_ok
2026-08-06 18:33:39 WARN OK port 18182 [full] height=3492 peers=2 p2p=aligned aligned=True failed=peer_probe_ok
2026-08-06 18:33:39 OK mesh aligned 18180:h3492/p2 18181:h3492/p2 18182:h3492/p2
2026-08-06 18:38:43 OK port 18180 [quick] height=3497 peers=2 p2p=aligned aligned=True failed=
2026-08-06 18:38:46 OK port 18181 [quick] height=3497 peers=2 p2p=aligned aligned=True failed=
2026-08-06 18:38:49 OK port 18182 [quick] height=3497 peers=2 p2p=aligned aligned=True failed=
2026-08-06 18:38:50 OK mesh aligned 18180:h3497/p2 18181:h3497/p2 18182:h3497/p2
2026-08-06 18:43:53 OK port 18180 [quick] height=3502 peers=2 p2p=aligned aligned=True failed=
2026-08-06 18:43:56 OK port 18181 [quick] height=3502 peers=2 p2p=aligned aligned=True failed=
2026-08-06 18:43:59 OK port 18182 [quick] height=3502 peers=2 p2p=aligned aligned=True failed=
2026-08-06 18:44:00 OK mesh aligned 18180:h3502/p2 18181:h3502/p2 18182:h3502/p2
2026-08-06 18:49:03 OK port 18180 [quick] height=3506 peers=2 p2p=aligned aligned=True failed=
2026-08-06 18:49:06 OK port 18181 [quick] height=3506 peers=2 p2p=inconsistent aligned=True failed=
2026-08-06 18:49:09 WARN OK port 18182 [quick] height=3506 peers=2 p2p=inconsistent aligned=True failed=peer_probe_ok,p2p_state_consistent
2026-08-06 18:49:10 OK mesh aligned 18180:h3506/p2 18181:h3506/p2 18182:h3506/p2
2026-08-06 18:54:13 OK port 18180 [quick] height=3510 peers=2 p2p=aligned aligned=True failed=
2026-08-06 18:54:16 OK port 18181 [quick] height=3510 peers=2 p2p=aligned aligned=True failed=
2026-08-06 18:54:20 OK port 18182 [quick] height=3510 peers=2 p2p=aligned aligned=True failed=
2026-08-06 18:54:20 OK mesh aligned 18180:h3510/p2 18181:h3510/p2 18182:h3510/p2
2026-08-06 18:59:23 OK port 18180 [quick] height=3515 peers=2 p2p=aligned aligned=True failed=
2026-08-06 18:59:27 OK port 18181 [quick] height=3515 peers=2 p2p=aligned aligned=True failed=
2026-08-06 18:59:30 OK port 18182 [quick] height=3515 peers=2 p2p=aligned aligned=True failed=
2026-08-06 18:59:30 OK mesh aligned 18180:h3515/p2 18181:h3515/p2 18182:h3515/p2
2026-08-06 19:04:39 WARN OK port 18180 [full] height=3520 peers=2 p2p=aligned aligned=True failed=peer_probe_ok
2026-08-06 19:04:47 WARN OK port 18181 [full] height=3520 peers=2 p2p=aligned aligned=True failed=peer_probe_ok
2026-08-06 19:04:48 OK port 18182 [full] height=3520 peers=2 p2p=aligned aligned=True failed=
2026-08-06 19:04:48 OK mesh aligned 18180:h3520/p2 18181:h3520/p2 18182:h3520/p2
2026-08-06 19:09:51 OK port 18180 [quick] height=3524 peers=2 p2p=aligned aligned=True failed=
2026-08-06 19:09:55 OK port 18181 [quick] height=3524 peers=2 p2p=aligned aligned=True failed=
2026-08-06 19:09:58 OK port 18182 [quick] height=3524 peers=2 p2p=aligned aligned=True failed=
2026-08-06 19:09:58 OK mesh aligned 18180:h3524/p2 18181:h3524/p2 18182:h3524/p2
2026-08-06 19:15:02 WARN OK port 18180 [quick] height=3528 peers=2 p2p=inconsistent aligned=True failed=peer_probe_ok,p2p_state_consistent
2026-08-06 19:15:05 WARN OK port 18181 [quick] height=3528 peers=2 p2p=inconsistent aligned=True failed=peer_probe_ok,p2p_state_consistent
2026-08-06 19:15:05 OK port 18182 [quick] height=3528 peers=2 p2p=aligned aligned=True failed=
2026-08-06 19:15:06 OK mesh aligned 18180:h3528/p2 18181:h3528/p2 18182:h3528/p2
2026-08-06 19:20:09 OK port 18180 [quick] height=3532 peers=2 p2p=aligned aligned=True failed=
2026-08-06 19:20:13 OK port 18181 [quick] height=3532 peers=2 p2p=aligned aligned=True failed=
2026-08-06 19:20:16 OK port 18182 [quick] height=3532 peers=2 p2p=aligned aligned=True failed=
2026-08-06 19:20:16 OK mesh aligned 18180:h3532/p2 18181:h3532/p2 18182:h3532/p2
2026-08-06 19:25:20 OK port 18180 [quick] height=3537 peers=2 p2p=aligned aligned=True failed=
2026-08-06 19:25:23 OK port 18181 [quick] height=3537 peers=2 p2p=aligned aligned=True failed=
2026-08-06 19:25:26 OK port 18182 [quick] height=3537 peers=2 p2p=aligned aligned=True failed=
2026-08-06 19:25:27 OK mesh aligned 18180:h3537/p2 18181:h3537/p2 18182:h3537/p2
2026-08-06 19:30:30 WARN OK port 18180 [quick] height=3541 peers=2 p2p=inconsistent aligned=True failed=peer_probe_ok,p2p_state_consistent
2026-08-06 19:30:33 OK port 18181 [quick] height=3541 peers=2 p2p=aligned aligned=True failed=
2026-08-06 19:30:36 OK port 18182 [quick] height=3541 peers=2 p2p=aligned aligned=True failed=
2026-08-06 19:30:37 OK mesh aligned 18180:h3541/p2 18181:h3541/p2 18182:h3541/p2
2026-08-06 19:35:45 WARN OK port 18180 [full] height=3544 peers=2 p2p=aligned aligned=True failed=peer_probe_ok
2026-08-06 19:35:53 WARN OK port 18181 [full] height=3544 peers=2 p2p=inconsistent aligned=True failed=peer_probe_ok,p2p_state_consistent
2026-08-06 19:36:02 WARN OK port 18182 [full] height=3544 peers=2 p2p=aligned aligned=True failed=peer_probe_ok
2026-08-06 19:36:02 OK mesh aligned 18180:h3544/p2 18181:h3544/p2 18182:h3544/p2
2026-08-06 19:41:06 OK port 18180 [quick] height=3549 peers=2 p2p=aligned aligned=True failed=
2026-08-06 19:41:09 OK port 18181 [quick] height=3549 peers=2 p2p=aligned aligned=True failed=
2026-08-06 19:41:12 OK port 18182 [quick] height=3549 peers=2 p2p=aligned aligned=True failed=
2026-08-06 19:41:13 OK mesh aligned 18180:h3549/p2 18181:h3549/p2 18182:h3549/p2
2026-08-06 19:46:16 OK port 18180 [quick] height=3552 peers=2 p2p=aligned aligned=True failed=
2026-08-06 19:46:19 OK port 18181 [quick] height=3552 peers=2 p2p=aligned aligned=True failed=
2026-08-06 19:46:22 OK port 18182 [quick] height=3552 peers=2 p2p=aligned aligned=True failed=
2026-08-06 19:46:23 OK mesh aligned 18180:h3552/p2 18181:h3552/p2 18182:h3552/p2
2026-08-06 19:51:26 OK port 18180 [quick] height=3556 peers=2 p2p=aligned aligned=True failed=
2026-08-06 19:51:30 OK port 18181 [quick] height=3556 peers=2 p2p=aligned aligned=True failed=
2026-08-06 19:51:33 OK port 18182 [quick] height=3556 peers=2 p2p=aligned aligned=True failed=
2026-08-06 19:51:33 OK mesh aligned 18180:h3556/p2 18181:h3556/p2 18182:h3556/p2
2026-08-06 19:56:37 WARN OK port 18180 [quick] height=3560 peers=2 p2p=inconsistent aligned=True failed=peer_probe_ok,p2p_state_consistent
2026-08-06 19:56:40 WARN OK port 18181 [quick] height=3560 peers=2 p2p=inconsistent aligned=True failed=peer_probe_ok,p2p_state_consistent
2026-08-06 19:56:43 OK port 18182 [quick] height=3560 peers=2 p2p=aligned aligned=True failed=
2026-08-06 19:56:44 OK mesh aligned 18180:h3560/p2 18181:h3560/p2 18182:h3560/p2
2026-08-06 20:01:47 OK port 18180 [quick] height=3564 peers=2 p2p=aligned aligned=True failed=
2026-08-06 20:01:50 OK port 18181 [quick] height=3564 peers=2 p2p=aligned aligned=True failed=
2026-08-06 20:01:53 OK port 18182 [quick] height=3564 peers=2 p2p=aligned aligned=True failed=
2026-08-06 20:01:54 OK mesh aligned 18180:h3564/p2 18181:h3564/p2 18182:h3564/p2
2026-08-06 20:07:02 WARN OK port 18180 [full] height=3568 peers=2 p2p=aligned aligned=True failed=peer_probe_ok
2026-08-06 20:07:10 WARN OK port 18181 [full] height=3568 peers=2 p2p=aligned aligned=True failed=peer_probe_ok
2026-08-06 20:07:19 WARN OK port 18182 [full] height=3568 peers=2 p2p=aligned aligned=True failed=peer_probe_ok
2026-08-06 20:07:19 OK mesh aligned 18180:h3568/p2 18181:h3568/p2 18182:h3568/p2
2026-08-06 20:12:23 OK port 18180 [quick] height=3571 peers=2 p2p=aligned aligned=True failed=
2026-08-06 20:12:26 OK port 18181 [quick] height=3571 peers=2 p2p=aligned aligned=True failed=
2026-08-06 20:12:29 OK port 18182 [quick] height=3571 peers=2 p2p=aligned aligned=True failed=
2026-08-06 20:12:30 OK mesh aligned 18180:h3571/p2 18181:h3571/p2 18182:h3571/p2
2026-08-06 20:17:33 OK port 18180 [quick] height=3575 peers=2 p2p=aligned aligned=True failed=
2026-08-06 20:17:35 WARN OK port 18181 [quick] height=3575 peers=2 p2p=inconsistent aligned=True failed=p2p_state_consistent
2026-08-06 20:17:38 OK port 18182 [quick] height=3575 peers=2 p2p=aligned aligned=True failed=
2026-08-06 20:17:39 OK mesh aligned 18180:h3576/p2 18181:h3575/p2 18182:h3575/p2
2026-08-06 20:22:42 OK port 18180 [quick] height=3579 peers=2 p2p=aligned aligned=True failed=
2026-08-06 20:22:45 OK port 18181 [quick] height=3579 peers=2 p2p=aligned aligned=True failed=
2026-08-06 20:22:49 WARN OK port 18182 [quick] height=3579 peers=2 p2p=inconsistent aligned=True failed=peer_probe_ok,p2p_state_consistent
2026-08-06 20:22:49 OK mesh aligned 18180:h3579/p2 18181:h3579/p2 18182:h3579/p2
2026-08-06 20:27:52 OK port 18180 [quick] height=3583 peers=2 p2p=aligned aligned=True failed=
2026-08-06 20:27:56 OK port 18181 [quick] height=3583 peers=2 p2p=aligned aligned=True failed=
2026-08-06 20:27:59 WARN OK port 18182 [quick] height=3583 peers=2 p2p=inconsistent aligned=True failed=peer_probe_ok,p2p_state_consistent
2026-08-06 20:28:00 OK mesh aligned 18180:h3583/p2 18181:h3583/p2 18182:h3583/p2
2026-08-06 20:33:03 OK port 18180 [quick] height=3585 peers=2 p2p=aligned aligned=True failed=
2026-08-06 20:33:06 OK port 18181 [quick] height=3585 peers=2 p2p=aligned aligned=True failed=
2026-08-06 20:33:10 OK port 18182 [quick] height=3585 peers=2 p2p=aligned aligned=True failed=
2026-08-06 20:33:10 OK mesh aligned 18180:h3585/p2 18181:h3585/p2 18182:h3585/p2
2026-08-06 20:38:19 WARN OK port 18180 [full] height=3588 peers=2 p2p=aligned aligned=True failed=peer_probe_ok
2026-08-06 20:38:27 WARN OK port 18181 [full] height=3588 peers=2 p2p=aligned aligned=True failed=peer_probe_ok
2026-08-06 20:38:35 WARN OK port 18182 [full] height=3588 peers=2 p2p=aligned aligned=True failed=peer_probe_ok
2026-08-06 20:38:36 OK mesh aligned 18180:h3588/p2 18181:h3588/p2 18182:h3588/p2
2026-08-06 20:43:38 OK port 18180 [quick] height=3592 peers=2 p2p=aligned aligned=True failed=
2026-08-06 20:43:42 OK port 18181 [quick] height=3593 peers=2 p2p=aligned aligned=True failed=
2026-08-06 20:43:45 WARN OK port 18182 [quick] height=3593 peers=2 p2p=inconsistent aligned=True failed=peer_probe_ok,p2p_state_consistent
2026-08-06 20:43:46 OK mesh aligned 18180:h3593/p2 18181:h3593/p2 18182:h3593/p2
2026-08-06 20:48:49 OK port 18180 [quick] height=3596 peers=2 p2p=aligned aligned=True failed=
2026-08-06 20:48:52 OK port 18181 [quick] height=3596 peers=2 p2p=aligned aligned=True failed=
2026-08-06 20:48:55 OK port 18182 [quick] height=3596 peers=2 p2p=aligned aligned=True failed=
2026-08-06 20:48:56 OK mesh aligned 18180:h3596/p2 18181:h3596/p2 18182:h3596/p2
2026-08-06 20:53:59 OK port 18180 [quick] height=3601 peers=2 p2p=aligned aligned=True failed=
2026-08-06 20:54:03 OK port 18181 [quick] height=3601 peers=2 p2p=aligned aligned=True failed=
2026-08-06 20:54:05 OK port 18182 [quick] height=3601 peers=2 p2p=aligned aligned=True failed=
2026-08-06 20:54:05 OK mesh aligned 18180:h3601/p2 18181:h3601/p2 18182:h3601/p2
2026-08-06 20:59:09 OK port 18180 [quick] height=3605 peers=2 p2p=aligned aligned=True failed=
2026-08-06 20:59:12 OK port 18181 [quick] height=3605 peers=2 p2p=aligned aligned=True failed=
2026-08-06 20:59:15 OK port 18182 [quick] height=3605 peers=2 p2p=aligned aligned=True failed=
2026-08-06 20:59:16 OK mesh aligned 18180:h3605/p2 18181:h3605/p2 18182:h3605/p2
2026-08-06 21:04:19 OK port 18180 [quick] height=3610 peers=2 p2p=aligned aligned=True failed=
2026-08-06 21:04:22 OK port 18181 [quick] height=3610 peers=2 p2p=aligned aligned=True failed=
2026-08-06 21:04:25 OK port 18182 [quick] height=3610 peers=2 p2p=aligned aligned=True failed=
2026-08-06 21:04:26 OK mesh aligned 18180:h3610/p2 18181:h3610/p2 18182:h3610/p2
2026-08-06 21:09:34 WARN OK port 18180 [full] height=3615 peers=2 p2p=aligned aligned=True failed=peer_probe_ok
2026-08-06 21:09:43 WARN OK port 18181 [full] height=3615 peers=2 p2p=aligned aligned=True failed=peer_probe_ok
2026-08-06 21:09:51 WARN OK port 18182 [full] height=3615 peers=2 p2p=inconsistent aligned=True failed=peer_probe_ok,p2p_state_consistent
2026-08-06 21:09:52 OK mesh aligned 18180:h3615/p2 18181:h3615/p2 18182:h3615/p2
2026-08-06 21:14:55 WARN OK port 18180 [quick] height=3617 peers=2 p2p=inconsistent aligned=True failed=peer_probe_ok,p2p_state_consistent
2026-08-06 21:14:58 OK port 18181 [quick] height=3617 peers=2 p2p=aligned aligned=True failed=
2026-08-06 21:15:01 WARN OK port 18182 [quick] height=3617 peers=2 p2p=inconsistent aligned=True failed=peer_probe_ok,p2p_state_consistent
2026-08-06 21:15:02 OK mesh aligned 18180:h3617/p2 18181:h3617/p2 18182:h3617/p2
2026-08-06 21:20:05 WARN OK port 18180 [quick] height=3620 peers=2 p2p=inconsistent aligned=True failed=peer_probe_ok,p2p_state_consistent
2026-08-06 21:20:06 OK port 18181 [quick] height=3620 peers=2 p2p=aligned aligned=True failed=
2026-08-06 21:20:06 OK port 18182 [quick] height=3620 peers=2 p2p=aligned aligned=True failed=
2026-08-06 21:20:07 OK mesh aligned 18180:h3620/p2 18181:h3620/p2 18182:h3620/p2
2026-08-06 21:25:10 OK port 18180 [quick] height=3625 peers=2 p2p=aligned aligned=True failed=
2026-08-06 21:25:14 OK port 18181 [quick] height=3625 peers=2 p2p=aligned aligned=True failed=
2026-08-06 21:25:17 OK port 18182 [quick] height=3625 peers=2 p2p=aligned aligned=True failed=
2026-08-06 21:25:18 OK mesh aligned 18180:h3625/p2 18181:h3625/p2 18182:h3625/p2
2026-08-06 21:30:21 WARN OK port 18180 [quick] height=3628 peers=2 p2p=inconsistent aligned=True failed=peer_probe_ok,p2p_state_consistent
2026-08-06 21:30:24 OK port 18181 [quick] height=3628 peers=2 p2p=aligned aligned=True failed=
2026-08-06 21:30:27 OK port 18182 [quick] height=3628 peers=2 p2p=aligned aligned=True failed=
2026-08-06 21:30:28 OK mesh aligned 18180:h3628/p2 18181:h3628/p2 18182:h3628/p2
2026-08-06 21:35:31 WARN OK port 18180 [quick] height=3630 peers=2 p2p=inconsistent aligned=True failed=peer_probe_ok,p2p_state_consistent
2026-08-06 21:35:35 OK port 18181 [quick] height=3630 peers=2 p2p=aligned aligned=True failed=
2026-08-06 21:35:35 WARN OK port 18182 [quick] height=3630 peers=2 p2p=inconsistent aligned=True failed=p2p_state_consistent
2026-08-06 21:35:36 OK mesh aligned 18180:h3630/p2 18181:h3630/p2 18182:h3630/p2
2026-08-06 21:40:44 WARN OK port 18180 [full] height=3633 peers=2 p2p=inconsistent aligned=True failed=peer_probe_ok,p2p_state_consistent
2026-08-06 21:40:45 OK port 18181 [full] height=3633 peers=2 p2p=aligned aligned=True failed=
2026-08-06 21:40:53 WARN OK port 18182 [full] height=3633 peers=2 p2p=inconsistent aligned=True failed=peer_probe_ok,p2p_state_consistent
2026-08-06 21:40:54 OK mesh aligned 18180:h3633/p2 18181:h3633/p2 18182:h3633/p2
2026-08-06 21:45:57 WARN OK port 18180 [quick] height=3637 peers=2 p2p=inconsistent aligned=True failed=peer_probe_ok,p2p_state_consistent
2026-08-06 21:45:58 OK port 18181 [quick] height=3637 peers=2 p2p=aligned aligned=True failed=
2026-08-06 21:46:01 WARN OK port 18182 [quick] height=3637 peers=2 p2p=inconsistent aligned=True failed=peer_probe_ok,p2p_state_consistent
2026-08-06 21:46:02 OK mesh aligned 18180:h3637/p2 18181:h3637/p2 18182:h3637/p2
2026-08-06 21:51:05 OK port 18180 [quick] height=3639 peers=2 p2p=aligned aligned=True failed=
2026-08-06 21:51:08 OK port 18181 [quick] height=3639 peers=2 p2p=aligned aligned=True failed=
2026-08-06 21:51:11 WARN OK port 18182 [quick] height=3639 peers=2 p2p=inconsistent aligned=True failed=peer_probe_ok,p2p_state_consistent
2026-08-06 21:51:12 OK mesh aligned 18180:h3639/p2 18181:h3639/p2 18182:h3639/p2
2026-08-06 21:56:15 OK port 18180 [quick] height=3643 peers=2 p2p=aligned aligned=True failed=
2026-08-06 21:56:19 OK port 18181 [quick] height=3643 peers=2 p2p=aligned aligned=True failed=
2026-08-06 21:56:22 OK port 18182 [quick] height=3643 peers=2 p2p=aligned aligned=True failed=
2026-08-06 21:56:23 OK mesh aligned 18180:h3643/p2 18181:h3643/p2 18182:h3643/p2
2026-08-06 22:01:26 OK port 18180 [quick] height=3646 peers=2 p2p=aligned aligned=True failed=
2026-08-06 22:01:27 OK port 18181 [quick] height=3646 peers=2 p2p=aligned aligned=True failed=
2026-08-06 22:01:27 OK port 18182 [quick] height=3646 peers=1 p2p=under_mesh aligned=True failed= (p2p not full mesh; chain OK)
2026-08-06 22:01:28 OK mesh aligned 18180:h3646/p1 18181:h3646/p2 18182:h3646/p1
2026-08-06 22:06:31 WARN OK port 18180 [quick] height=3649 peers=2 p2p=inconsistent aligned=True failed=peer_probe_ok,p2p_state_consistent
2026-08-06 22:06:32 OK port 18181 [quick] height=3649 peers=2 p2p=aligned aligned=True failed=
2026-08-06 22:06:32 OK port 18182 [quick] height=3649 peers=2 p2p=aligned aligned=True failed=
2026-08-06 22:06:33 OK mesh aligned 18180:h3649/p2 18181:h3649/p2 18182:h3649/p2
2026-08-06 22:11:41 WARN OK port 18180 [full] height=3653 peers=2 p2p=inconsistent aligned=True failed=peer_probe_ok,p2p_state_consistent
2026-08-06 22:11:50 WARN OK port 18181 [full] height=3653 peers=2 p2p=aligned aligned=True failed=peer_probe_ok
2026-08-06 22:11:58 WARN OK port 18182 [full] height=3653 peers=2 p2p=aligned aligned=True failed=peer_probe_ok
2026-08-06 22:11:59 OK mesh aligned 18180:h3653/p2 18181:h3653/p1 18182:h3653/p1
2026-08-06 22:17:02 WARN OK port 18180 [quick] height=3655 peers=2 p2p=inconsistent aligned=True failed=peer_probe_ok,p2p_state_consistent
2026-08-06 22:17:05 OK port 18181 [quick] height=3654 peers=2 p2p=inconsistent aligned=True failed=
2026-08-06 22:17:08 WARN OK port 18182 [quick] height=3655 peers=2 p2p=inconsistent aligned=True failed=peer_probe_ok,p2p_state_consistent
2026-08-06 22:17:09 OK mesh aligned 18180:h3655/p2 18181:h3654/p2 18182:h3655/p2
2026-08-06 22:22:12 OK port 18180 [quick] height=3656 peers=2 p2p=aligned aligned=True failed=
2026-08-06 22:22:16 OK port 18181 [quick] height=3656 peers=2 p2p=aligned aligned=True failed=
2026-08-06 22:22:16 OK port 18182 [quick] height=3656 peers=2 p2p=aligned aligned=True failed=
2026-08-06 22:22:17 OK mesh aligned 18180:h3656/p2 18181:h3656/p2 18182:h3656/p2
2026-08-06 22:27:20 OK port 18180 [quick] height=3660 peers=2 p2p=aligned aligned=True failed=
2026-08-06 22:27:24 WARN OK port 18181 [quick] height=3660 peers=2 p2p=inconsistent aligned=True failed=peer_probe_ok,p2p_state_consistent
2026-08-06 22:27:27 OK port 18182 [quick] height=3660 peers=2 p2p=aligned aligned=True failed=
2026-08-06 22:27:28 OK mesh aligned 18180:h3660/p2 18181:h3660/p2 18182:h3660/p2
2026-08-06 22:32:31 OK port 18180 [quick] height=3661 peers=2 p2p=inconsistent aligned=True failed=
2026-08-06 22:32:32 OK port 18181 [quick] height=3661 peers=2 p2p=aligned aligned=True failed=
2026-08-06 22:32:32 OK port 18182 [quick] height=3661 peers=2 p2p=aligned aligned=True failed=
2026-08-06 22:32:33 OK mesh aligned 18180:h3661/p2 18181:h3661/p2 18182:h3661/p2
2026-08-06 22:37:36 OK port 18180 [quick] height=3665 peers=2 p2p=inconsistent aligned=True failed=
2026-08-06 22:37:39 WARN OK port 18181 [quick] height=3665 peers=2 p2p=inconsistent aligned=True failed=peer_probe_ok,p2p_state_consistent
2026-08-06 22:37:43 WARN OK port 18182 [quick] height=3665 peers=2 p2p=inconsistent aligned=True failed=peer_probe_ok,p2p_state_consistent
2026-08-06 22:37:43 OK mesh aligned 18180:h3665/p2 18181:h3665/p2 18182:h3665/p2
2026-08-06 22:42:52 WARN OK port 18180 [full] height=3667 peers=2 p2p=inconsistent aligned=True failed=peer_probe_ok
2026-08-06 22:43:00 WARN OK port 18181 [full] height=3666 peers=2 p2p=inconsistent aligned=True failed=peer_probe_ok,p2p_state_consistent
2026-08-06 22:43:08 WARN OK port 18182 [full] height=3666 peers=2 p2p=aligned aligned=True failed=peer_probe_ok
2026-08-06 22:43:09 OK mesh aligned 18180:h3667/p2 18181:h3666/p2 18182:h3666/p2
2026-08-06 22:48:12 OK port 18180 [quick] height=3669 peers=2 p2p=aligned aligned=True failed=
2026-08-06 22:48:16 OK port 18181 [quick] height=3669 peers=2 p2p=aligned aligned=True failed=
2026-08-06 22:48:19 OK port 18182 [quick] height=3669 peers=2 p2p=aligned aligned=True failed=
2026-08-06 22:48:20 OK mesh aligned 18180:h3669/p2 18181:h3669/p2 18182:h3669/p2
2026-08-06 22:53:20 WARN OK port 18180 [quick] height=3673 peers=1 p2p=under_mesh aligned=True failed=p2p_state_consistent
2026-08-06 22:53:21 OK port 18181 [quick] height=3673 peers=2 p2p=aligned aligned=True failed=
2026-08-06 22:53:21 OK port 18182 [quick] height=3673 peers=1 p2p=under_mesh aligned=True failed= (p2p not full mesh; chain OK)
2026-08-06 22:53:22 OK mesh aligned 18180:h3673/p1 18181:h3673/p2 18182:h3673/p1
2026-08-06 22:58:25 OK port 18180 [quick] height=3677 peers=2 p2p=aligned aligned=True failed=
2026-08-06 22:58:29 OK port 18181 [quick] height=3677 peers=2 p2p=aligned aligned=True failed=
2026-08-06 22:58:32 OK port 18182 [quick] height=3677 peers=2 p2p=aligned aligned=True failed=
2026-08-06 22:58:33 OK mesh aligned 18180:h3677/p2 18181:h3677/p2 18182:h3677/p2
2026-08-06 23:03:36 OK port 18180 [quick] height=3681 peers=2 p2p=aligned aligned=True failed=
2026-08-06 23:03:37 OK port 18181 [quick] height=3681 peers=2 p2p=aligned aligned=True failed=
2026-08-06 23:03:37 WARN OK port 18182 [quick] height=3681 peers=1 p2p=under_mesh aligned=True failed=p2p_state_consistent
2026-08-06 23:03:38 OK mesh aligned 18180:h3681/p1 18181:h3681/p2 18182:h3681/p1
2026-08-06 23:08:41 WARN OK port 18180 [quick] height=3685 peers=2 p2p=inconsistent aligned=True failed=peer_probe_ok,p2p_state_consistent
2026-08-06 23:08:45 WARN OK port 18181 [quick] height=3685 peers=2 p2p=inconsistent aligned=True failed=peer_probe_ok,p2p_state_consistent
2026-08-06 23:08:48 OK port 18182 [quick] height=3685 peers=2 p2p=aligned aligned=True failed=
2026-08-06 23:08:49 OK mesh aligned 18180:h3685/p2 18181:h3685/p2 18182:h3685/p2
2026-08-06 23:13:57 WARN OK port 18180 [full] height=3689 peers=2 p2p=aligned aligned=True failed=peer_probe_ok
2026-08-06 23:14:05 WARN OK port 18181 [full] height=3689 peers=2 p2p=inconsistent aligned=True failed=peer_probe_ok,p2p_state_consistent
2026-08-06 23:14:14 WARN OK port 18182 [full] height=3689 peers=2 p2p=aligned aligned=True failed=peer_probe_ok
2026-08-06 23:14:14 OK mesh aligned 18180:h3689/p2 18181:h3689/p2 18182:h3689/p2
2026-08-06 23:19:18 OK port 18180 [quick] height=3693 peers=2 p2p=aligned aligned=True failed=
2026-08-06 23:19:21 OK port 18181 [quick] height=3693 peers=2 p2p=aligned aligned=True failed=
2026-08-06 23:19:24 OK port 18182 [quick] height=3693 peers=2 p2p=aligned aligned=True failed=
2026-08-06 23:19:25 OK mesh aligned 18180:h3693/p2 18181:h3693/p2 18182:h3693/p2
2026-08-06 23:24:28 OK port 18180 [quick] height=3697 peers=2 p2p=aligned aligned=True failed=
2026-08-06 23:24:32 OK port 18181 [quick] height=3697 peers=2 p2p=aligned aligned=True failed=
2026-08-06 23:24:35 OK port 18182 [quick] height=3697 peers=2 p2p=aligned aligned=True failed=
2026-08-06 23:24:36 OK mesh aligned 18180:h3697/p2 18181:h3697/p2 18182:h3697/p2
2026-08-06 23:29:39 OK port 18180 [quick] height=3700 peers=2 p2p=inconsistent aligned=True failed=
2026-08-06 23:29:41 WARN OK port 18181 [quick] height=3700 peers=2 p2p=inconsistent aligned=True failed=p2p_state_consistent
2026-08-06 23:29:42 WARN OK port 18182 [quick] height=3700 peers=2 p2p=inconsistent aligned=True failed=p2p_state_consistent
2026-08-06 23:29:43 OK mesh aligned 18180:h3700/p2 18181:h3700/p2 18182:h3700/p2
2026-08-06 23:34:47 WARN OK port 18180 [quick] height=3703 peers=2 p2p=inconsistent aligned=True failed=peer_probe_ok,p2p_state_consistent
2026-08-06 23:34:47 OK port 18181 [quick] height=3703 peers=2 p2p=aligned aligned=True failed=
2026-08-06 23:34:48 OK port 18182 [quick] height=3703 peers=2 p2p=aligned aligned=True failed=
2026-08-06 23:34:49 OK mesh aligned 18180:h3703/p2 18181:h3703/p2 18182:h3703/p2
2026-08-06 23:39:52 OK port 18180 [quick] height=3707 peers=2 p2p=aligned aligned=True failed=
2026-08-06 23:39:55 OK port 18181 [quick] height=3707 peers=2 p2p=aligned aligned=True failed=
2026-08-06 23:39:59 OK port 18182 [quick] height=3707 peers=2 p2p=aligned aligned=True failed=
2026-08-06 23:39:59 OK mesh aligned 18180:h3707/p2 18181:h3707/p2 18182:h3707/p2
2026-08-06 23:45:03 OK port 18180 [full] height=3711 peers=2 p2p=inconsistent aligned=True failed=
2026-08-06 23:45:04 WARN OK port 18181 [full] height=3711 peers=2 p2p=inconsistent aligned=True failed=p2p_state_consistent
2026-08-06 23:45:11 OK port 18182 [full] height=3711 peers=2 p2p=aligned aligned=True failed=
2026-08-06 23:45:12 OK mesh aligned 18180:h3712/p2 18181:h3712/p2 18182:h3712/p2
2026-08-06 23:50:15 OK port 18180 [quick] height=3715 peers=2 p2p=aligned aligned=True failed=
2026-08-06 23:50:18 WARN OK port 18181 [quick] height=3715 peers=2 p2p=inconsistent aligned=True failed=peer_probe_ok,p2p_state_consistent
2026-08-06 23:50:22 WARN OK port 18182 [quick] height=3715 peers=2 p2p=inconsistent aligned=True failed=peer_probe_ok,p2p_state_consistent
2026-08-06 23:50:23 OK mesh aligned 18180:h3715/p2 18181:h3715/p2 18182:h3715/p1
2026-08-06 23:55:26 OK port 18180 [quick] height=3717 peers=2 p2p=aligned aligned=True failed=
2026-08-06 23:55:29 OK port 18181 [quick] height=3717 peers=2 p2p=aligned aligned=True failed=
2026-08-06 23:55:33 OK port 18182 [quick] height=3717 peers=2 p2p=aligned aligned=True failed=
2026-08-06 23:55:33 OK mesh aligned 18180:h3717/p2 18181:h3717/p2 18182:h3717/p2
2026-08-07 00:00:57 WARN OK port 18180 [quick] height=3718 peers=0 p2p=solo aligned=True failed=ready_flap
2026-08-07 00:00:57 OK port 18181 [quick] height=3718 peers=1 p2p=under_mesh aligned=True failed= (p2p not full mesh; chain OK)
2026-08-07 00:00:58 OK port 18182 [quick] height=3718 peers=1 p2p=under_mesh aligned=True failed= (p2p not full mesh; chain OK)
2026-08-07 00:00:59 OK mesh aligned 18180:h3718/p0 18181:h3718/p1 18182:h3718/p1
2026-08-07 00:06:22 WARN OK port 18180 [quick] height=3718 peers=0 p2p=solo aligned=True failed=ready_flap
2026-08-07 00:06:23 OK port 18181 [quick] height=3718 peers=1 p2p=under_mesh aligned=True failed= (p2p not full mesh; chain OK)
2026-08-07 00:06:23 OK port 18182 [quick] height=3718 peers=1 p2p=under_mesh aligned=True failed= (p2p not full mesh; chain OK)
2026-08-07 00:06:24 OK mesh aligned 18180:h3718/p0 18181:h3718/p1 18182:h3718/p1
2026-08-07 00:11:26 OK port 18180 [quick] height=3721 peers=2 p2p=aligned aligned=True failed=
2026-08-07 00:11:29 OK port 18181 [quick] height=3722 peers=2 p2p=aligned aligned=True failed=
2026-08-07 00:11:32 OK port 18182 [quick] height=3722 peers=2 p2p=aligned aligned=True failed=
2026-08-07 00:11:34 OK mesh aligned 18180:h3722/p2 18181:h3722/p2 18182:h3722/p2
2026-08-07 00:16:42 WARN OK port 18180 [full] height=3727 peers=2 p2p=aligned aligned=True failed=peer_probe_ok
2026-08-07 00:16:50 WARN OK port 18181 [full] height=3727 peers=2 p2p=aligned aligned=True failed=peer_probe_ok
2026-08-07 00:16:58 WARN OK port 18182 [full] height=3727 peers=2 p2p=aligned aligned=True failed=peer_probe_ok
2026-08-07 00:16:59 OK mesh aligned 18180:h3727/p2 18181:h3727/p2 18182:h3727/p2
2026-08-07 00:22:03 OK port 18180 [quick] height=3732 peers=2 p2p=aligned aligned=True failed=
2026-08-07 00:22:06 OK port 18181 [quick] height=3732 peers=2 p2p=aligned aligned=True failed=
2026-08-07 00:22:09 OK port 18182 [quick] height=3732 peers=2 p2p=aligned aligned=True failed=
2026-08-07 00:22:10 OK mesh aligned 18180:h3732/p2 18181:h3732/p2 18182:h3732/p2
2026-08-07 00:27:13 OK port 18180 [quick] height=3735 peers=2 p2p=aligned aligned=True failed=
2026-08-07 00:27:17 OK port 18181 [quick] height=3735 peers=2 p2p=aligned aligned=True failed=
2026-08-07 00:27:20 OK port 18182 [quick] height=3735 peers=2 p2p=aligned aligned=True failed=
2026-08-07 00:27:21 OK mesh aligned 18180:h3735/p2 18181:h3735/p2 18182:h3735/p2
2026-08-07 00:32:24 OK port 18180 [quick] height=3739 peers=2 p2p=aligned aligned=True failed=
2026-08-07 00:32:27 OK port 18181 [quick] height=3739 peers=2 p2p=aligned aligned=True failed=
2026-08-07 00:32:28 OK port 18182 [quick] height=3739 peers=2 p2p=aligned aligned=True failed=
2026-08-07 00:32:29 OK mesh aligned 18180:h3739/p2 18181:h3739/p2 18182:h3739/p2
2026-08-07 00:37:32 OK port 18180 [quick] height=3743 peers=2 p2p=aligned aligned=True failed=
2026-08-07 00:37:36 OK port 18181 [quick] height=3743 peers=2 p2p=aligned aligned=True failed=
2026-08-07 00:37:39 OK port 18182 [quick] height=3743 peers=2 p2p=aligned aligned=True failed=
2026-08-07 00:37:40 OK mesh aligned 18180:h3743/p2 18181:h3743/p2 18182:h3743/p2
2026-08-07 00:42:43 WARN OK port 18180 [quick] height=3744 peers=1 p2p=under_mesh aligned=True failed=peer_probe_ok,p2p_state_consistent
2026-08-07 00:42:44 OK port 18181 [quick] height=3744 peers=1 p2p=under_mesh aligned=True failed= (p2p not full mesh; chain OK)
2026-08-07 00:42:45 OK port 18182 [quick] height=3744 peers=1 p2p=under_mesh aligned=True failed= (p2p not full mesh; chain OK)
2026-08-07 00:42:45 OK mesh aligned 18180:h3744/p1 18181:h3744/p1 18182:h3744/p1
2026-08-07 00:47:54 WARN OK port 18180 [full] height=3748 peers=2 p2p=inconsistent aligned=True failed=peer_probe_ok,p2p_state_consistent
2026-08-07 00:48:02 WARN OK port 18181 [full] height=3748 peers=2 p2p=aligned aligned=True failed=peer_probe_ok
2026-08-07 00:48:10 WARN OK port 18182 [full] height=3748 peers=2 p2p=aligned aligned=True failed=peer_probe_ok
2026-08-07 00:48:11 OK mesh aligned 18180:h3748/p2 18181:h3748/p2 18182:h3748/p2
2026-08-07 00:53:15 WARN OK port 18180 [quick] height=3751 peers=2 p2p=inconsistent aligned=True failed=peer_probe_ok,p2p_state_consistent
2026-08-07 00:53:15 OK port 18181 [quick] height=3751 peers=2 p2p=aligned aligned=True failed=
2026-08-07 00:53:16 OK port 18182 [quick] height=3751 peers=2 p2p=aligned aligned=True failed=
2026-08-07 00:53:17 OK mesh aligned 18180:h3751/p2 18181:h3751/p2 18182:h3751/p2
2026-08-07 00:58:20 OK port 18180 [quick] height=3756 peers=2 p2p=aligned aligned=True failed=
2026-08-07 00:58:23 OK port 18181 [quick] height=3756 peers=2 p2p=aligned aligned=True failed=
2026-08-07 00:58:27 OK port 18182 [quick] height=3756 peers=2 p2p=aligned aligned=True failed=
2026-08-07 00:58:28 OK mesh aligned 18180:h3756/p2 18181:h3756/p2 18182:h3756/p2
2026-08-07 01:03:31 WARN OK port 18180 [quick] height=3759 peers=2 p2p=inconsistent aligned=True failed=peer_probe_ok,p2p_state_consistent
2026-08-07 01:03:32 OK port 18181 [quick] height=3759 peers=2 p2p=aligned aligned=True failed=
2026-08-07 01:03:32 OK port 18182 [quick] height=3759 peers=2 p2p=aligned aligned=True failed=
2026-08-07 01:03:33 OK mesh aligned 18180:h3759/p2 18181:h3759/p2 18182:h3759/p2
2026-08-07 01:08:36 WARN OK port 18180 [quick] height=3762 peers=2 p2p=inconsistent aligned=True failed=peer_probe_ok,p2p_state_consistent
2026-08-07 01:08:37 OK port 18181 [quick] height=3762 peers=2 p2p=aligned aligned=True failed=
2026-08-07 01:08:38 OK port 18182 [quick] height=3762 peers=2 p2p=aligned aligned=True failed=
2026-08-07 01:08:39 OK mesh aligned 18180:h3762/p2 18181:h3762/p2 18182:h3762/p2
2026-08-07 01:13:42 OK port 18180 [quick] height=3766 peers=2 p2p=aligned aligned=True failed=
2026-08-07 01:13:45 OK port 18181 [quick] height=3766 peers=2 p2p=aligned aligned=True failed=
2026-08-07 01:13:49 WARN OK port 18182 [quick] height=3766 peers=2 p2p=inconsistent aligned=True failed=peer_probe_ok,p2p_state_consistent
2026-08-07 01:13:50 OK mesh aligned 18180:h3766/p2 18181:h3766/p2 18182:h3766/p2
2026-08-07 01:18:55 OK port 18180 [full] height=3770 peers=2 p2p=aligned aligned=True failed=
2026-08-07 01:19:04 WARN OK port 18181 [full] height=3771 peers=2 p2p=inconsistent aligned=True failed=peer_probe_ok,p2p_state_consistent
2026-08-07 01:19:12 WARN OK port 18182 [full] height=3771 peers=2 p2p=aligned aligned=True failed=peer_probe_ok
2026-08-07 01:19:13 OK mesh aligned 18180:h3771/p2 18181:h3771/p2 18182:h3771/p2
2026-08-07 01:24:16 OK port 18180 [quick] height=3774 peers=2 p2p=aligned aligned=True failed=
2026-08-07 01:24:20 OK port 18181 [quick] height=3774 peers=2 p2p=aligned aligned=True failed=
2026-08-07 01:24:23 OK port 18182 [quick] height=3774 peers=2 p2p=aligned aligned=True failed=
2026-08-07 01:24:24 OK mesh aligned 18180:h3774/p2 18181:h3774/p2 18182:h3774/p2
2026-08-07 01:29:27 WARN OK port 18180 [quick] height=3778 peers=2 p2p=inconsistent aligned=True failed=peer_probe_ok,p2p_state_consistent
2026-08-07 01:29:30 WARN OK port 18181 [quick] height=3778 peers=2 p2p=inconsistent aligned=True failed=p2p_state_consistent
2026-08-07 01:29:30 OK port 18182 [quick] height=3778 peers=2 p2p=aligned aligned=True failed=
2026-08-07 01:29:31 OK mesh aligned 18180:h3778/p2 18181:h3778/p2 18182:h3778/p2
2026-08-07 01:34:35 WARN OK port 18180 [quick] height=3782 peers=2 p2p=inconsistent aligned=True failed=peer_probe_ok,p2p_state_consistent
2026-08-07 01:34:35 WARN OK port 18181 [quick] height=3782 peers=1 p2p=under_mesh aligned=True failed=p2p_state_consistent
2026-08-07 01:34:38 OK port 18182 [quick] height=3782 peers=2 p2p=aligned aligned=True failed=
2026-08-07 01:34:39 OK mesh aligned 18180:h3782/p2 18181:h3782/p1 18182:h3782/p2
2026-08-07 01:39:42 OK port 18180 [quick] height=3786 peers=2 p2p=aligned aligned=True failed=
2026-08-07 01:39:46 OK port 18181 [quick] height=3786 peers=2 p2p=aligned aligned=True failed=
2026-08-07 01:39:49 OK port 18182 [quick] height=3786 peers=2 p2p=aligned aligned=True failed=
2026-08-07 01:39:50 OK mesh aligned 18180:h3786/p2 18181:h3786/p2 18182:h3786/p2
2026-08-07 01:44:53 OK port 18180 [quick] height=3790 peers=2 p2p=aligned aligned=True failed=
2026-08-07 01:44:57 OK port 18181 [quick] height=3790 peers=2 p2p=aligned aligned=True failed=
2026-08-07 01:45:00 WARN OK port 18182 [quick] height=3790 peers=2 p2p=inconsistent aligned=True failed=peer_probe_ok,p2p_state_consistent
2026-08-07 01:45:01 OK mesh aligned 18180:h3790/p2 18181:h3790/p2 18182:h3790/p2
2026-08-07 01:50:09 WARN OK port 18180 [full] height=3793 peers=2 p2p=inconsistent aligned=True failed=peer_probe_ok,p2p_state_consistent
2026-08-07 01:50:15 OK port 18181 [full] height=3793 peers=2 p2p=inconsistent aligned=True failed=
2026-08-07 01:50:16 OK port 18182 [full] height=3793 peers=2 p2p=aligned aligned=True failed=
2026-08-07 01:50:17 OK mesh aligned 18180:h3794/p2 18181:h3793/p2 18182:h3794/p2
2026-08-07 01:55:20 OK port 18180 [quick] height=3797 peers=2 p2p=aligned aligned=True failed=
2026-08-07 01:55:23 WARN OK port 18181 [quick] height=3797 peers=2 p2p=aligned aligned=True failed=peer_probe_ok,p2p_state_consistent
2026-08-07 01:55:24 OK port 18182 [quick] height=3797 peers=2 p2p=aligned aligned=True failed=
2026-08-07 01:55:25 OK mesh aligned 18180:h3797/p2 18181:h3797/p2 18182:h3797/p2
2026-08-07 02:00:29 OK port 18180 [quick] height=3801 peers=2 p2p=aligned aligned=True failed=
2026-08-07 02:00:32 OK port 18181 [quick] height=3801 peers=2 p2p=aligned aligned=True failed=
2026-08-07 02:00:35 OK port 18182 [quick] height=3801 peers=2 p2p=aligned aligned=True failed=
2026-08-07 02:00:36 OK mesh aligned 18180:h3801/p1 18181:h3801/p1 18182:h3801/p2
2026-08-07 02:05:40 OK port 18180 [quick] height=3801 peers=2 p2p=aligned aligned=True failed=
2026-08-07 02:05:43 OK port 18181 [quick] height=3801 peers=2 p2p=aligned aligned=True failed=
2026-08-07 02:05:46 WARN OK port 18182 [quick] height=3801 peers=2 p2p=inconsistent aligned=True failed=peer_probe_ok,p2p_state_consistent
2026-08-07 02:05:47 OK mesh aligned 18180:h3801/p2 18181:h3801/p2 18182:h3801/p2
2026-08-07 02:10:51 WARN OK port 18180 [quick] height=3802 peers=1 p2p=under_mesh_lagging aligned=True failed=peer_probe_ok,p2p_state_consistent
2026-08-07 02:11:14 WARN OK port 18181 [quick] height=3802 peers=0 p2p=solo aligned=True failed=ready_flap
2026-08-07 02:11:17 WARN OK port 18182 [quick] height=3802 peers=1 p2p=under_mesh_lagging aligned=True failed=peer_probe_ok,p2p_state_consistent
2026-08-07 02:11:18 OK mesh aligned 18180:h3802/p1 18181:h3802/p0 18182:h3802/p1
2026-08-07 02:16:22 WARN OK port 18180 [quick] height=3805 peers=2 p2p=inconsistent aligned=True failed=peer_probe_ok,p2p_state_consistent
2026-08-07 02:16:22 OK port 18181 [quick] height=3805 peers=2 p2p=aligned aligned=True failed=
2026-08-07 02:16:26 WARN OK port 18182 [quick] height=3805 peers=2 p2p=inconsistent aligned=True failed=peer_probe_ok,p2p_state_consistent
2026-08-07 02:16:27 OK mesh aligned 18180:h3805/p2 18181:h3805/p2 18182:h3805/p2
2026-08-07 02:21:35 WARN OK port 18180 [full] height=3809 peers=2 p2p=aligned aligned=True failed=peer_probe_ok
2026-08-07 02:21:43 WARN OK port 18181 [full] height=3809 peers=2 p2p=aligned aligned=True failed=peer_probe_ok
2026-08-07 02:21:52 WARN OK port 18182 [full] height=3809 peers=2 p2p=aligned aligned=True failed=peer_probe_ok
2026-08-07 02:21:53 OK mesh aligned 18180:h3809/p2 18181:h3809/p2 18182:h3809/p2
2026-08-07 02:26:56 WARN OK port 18180 [quick] height=3813 peers=2 p2p=inconsistent aligned=True failed=peer_probe_ok,p2p_state_consistent
2026-08-07 02:26:59 OK port 18181 [quick] height=3813 peers=2 p2p=aligned aligned=True failed=
2026-08-07 02:27:03 OK port 18182 [quick] height=3813 peers=2 p2p=aligned aligned=True failed=
2026-08-07 02:27:04 OK mesh aligned 18180:h3813/p2 18181:h3813/p2 18182:h3813/p2
2026-08-07 02:32:07 WARN OK port 18180 [quick] height=3816 peers=2 p2p=inconsistent aligned=True failed=peer_probe_ok,p2p_state_consistent
2026-08-07 02:32:08 OK port 18181 [quick] height=3816 peers=2 p2p=aligned aligned=True failed=
2026-08-07 02:32:08 OK port 18182 [quick] height=3816 peers=2 p2p=aligned aligned=True failed=
2026-08-07 02:32:09 OK mesh aligned 18180:h3816/p2 18181:h3816/p2 18182:h3816/p2
2026-08-07 02:37:12 OK port 18180 [quick] height=3820 peers=2 p2p=aligned aligned=True failed=
2026-08-07 02:37:16 WARN OK port 18181 [quick] height=3820 peers=2 p2p=inconsistent aligned=True failed=peer_probe_ok,p2p_state_consistent
2026-08-07 02:37:19 OK port 18182 [quick] height=3820 peers=2 p2p=aligned aligned=True failed=
2026-08-07 02:37:20 OK mesh aligned 18180:h3820/p2 18181:h3820/p2 18182:h3820/p2
2026-08-07 02:42:24 OK port 18180 [quick] height=3825 peers=2 p2p=inconsistent aligned=True failed=
2026-08-07 02:42:27 OK port 18181 [quick] height=3825 peers=2 p2p=aligned aligned=True failed=
2026-08-07 02:42:30 OK port 18182 [quick] height=3825 peers=2 p2p=aligned aligned=True failed=
2026-08-07 02:42:31 OK mesh aligned 18180:h3825/p2 18181:h3825/p2 18182:h3825/p2
2026-08-07 02:47:35 OK port 18180 [quick] height=3828 peers=2 p2p=aligned aligned=True failed=
2026-08-07 02:47:38 OK port 18181 [quick] height=3828 peers=2 p2p=aligned aligned=True failed=
2026-08-07 02:47:41 OK port 18182 [quick] height=3828 peers=2 p2p=aligned aligned=True failed=
2026-08-07 02:47:42 OK mesh aligned 18180:h3828/p2 18181:h3828/p2 18182:h3828/p2
2026-08-07 02:52:51 WARN OK port 18180 [full] height=3831 peers=2 p2p=aligned aligned=True failed=peer_probe_ok
2026-08-07 02:52:59 WARN OK port 18181 [full] height=3831 peers=2 p2p=aligned aligned=True failed=peer_probe_ok
2026-08-07 02:53:07 WARN OK port 18182 [full] height=3831 peers=2 p2p=aligned aligned=True failed=peer_probe_ok
2026-08-07 02:53:08 OK mesh aligned 18180:h3831/p2 18181:h3831/p2 18182:h3831/p2
2026-08-07 02:58:12 WARN OK port 18180 [quick] height=3834 peers=2 p2p=inconsistent aligned=True failed=peer_probe_ok,p2p_state_consistent
2026-08-07 02:58:15 WARN OK port 18181 [quick] height=3834 peers=2 p2p=inconsistent aligned=True failed=peer_probe_ok,p2p_state_consistent
2026-08-07 02:58:18 OK port 18182 [quick] height=3834 peers=2 p2p=aligned aligned=True failed=
2026-08-07 02:58:19 OK mesh aligned 18180:h3834/p2 18181:h3834/p2 18182:h3834/p2
2026-08-07 03:03:23 OK port 18180 [quick] height=3838 peers=2 p2p=aligned aligned=True failed=
2026-08-07 03:03:26 OK port 18181 [quick] height=3838 peers=2 p2p=aligned aligned=True failed=
2026-08-07 03:03:29 OK port 18182 [quick] height=3838 peers=2 p2p=aligned aligned=True failed=
2026-08-07 03:03:30 OK mesh aligned 18180:h3838/p2 18181:h3838/p2 18182:h3838/p2
2026-08-07 03:08:34 OK port 18180 [quick] height=3842 peers=2 p2p=aligned aligned=True failed=
2026-08-07 03:08:34 OK port 18181 [quick] height=3842 peers=1 p2p=under_mesh aligned=True failed= (p2p not full mesh; chain OK)
2026-08-07 03:08:38 OK port 18182 [quick] height=3842 peers=2 p2p=aligned aligned=True failed=
2026-08-07 03:08:39 OK mesh aligned 18180:h3842/p2 18181:h3842/p2 18182:h3842/p2
2026-08-07 03:13:42 WARN OK port 18180 [quick] height=3846 peers=2 p2p=inconsistent aligned=True failed=peer_probe_ok,p2p_state_consistent
2026-08-07 03:13:43 OK port 18181 [quick] height=3846 peers=2 p2p=aligned aligned=True failed=
2026-08-07 03:13:46 WARN OK port 18182 [quick] height=3846 peers=2 p2p=inconsistent aligned=True failed=peer_probe_ok,p2p_state_consistent
2026-08-07 03:13:47 OK mesh aligned 18180:h3846/p2 18181:h3846/p2 18182:h3846/p2
2026-08-07 03:18:51 OK port 18180 [quick] height=3850 peers=2 p2p=aligned aligned=True failed=
2026-08-07 03:18:54 OK port 18181 [quick] height=3850 peers=2 p2p=aligned aligned=True failed=
2026-08-07 03:18:57 WARN OK port 18182 [quick] height=3850 peers=2 p2p=inconsistent aligned=True failed=peer_probe_ok,p2p_state_consistent
2026-08-07 03:18:58 OK mesh aligned 18180:h3850/p2 18181:h3850/p2 18182:h3850/p2
2026-08-07 03:24:07 WARN OK port 18180 [full] height=3853 peers=2 p2p=inconsistent aligned=True failed=peer_probe_ok,p2p_state_consistent
2026-08-07 03:24:15 WARN OK port 18181 [full] height=3853 peers=2 p2p=inconsistent aligned=True failed=peer_probe_ok,p2p_state_consistent
2026-08-07 03:24:24 WARN OK port 18182 [full] height=3853 peers=2 p2p=inconsistent aligned=True failed=peer_probe_ok,p2p_state_consistent
2026-08-07 03:24:25 OK mesh aligned 18180:h3853/p2 18181:h3853/p2 18182:h3853/p2
2026-08-07 03:29:28 WARN OK port 18180 [quick] height=3855 peers=2 p2p=inconsistent aligned=True failed=peer_probe_ok,p2p_state_consistent
2026-08-07 03:29:29 OK port 18181 [quick] height=3855 peers=2 p2p=aligned aligned=True failed=
2026-08-07 03:29:29 OK port 18182 [quick] height=3855 peers=2 p2p=aligned aligned=True failed=
2026-08-07 03:29:30 OK mesh aligned 18180:h3855/p2 18181:h3855/p2 18182:h3855/p2
2026-08-07 03:34:34 OK port 18180 [quick] height=3860 peers=2 p2p=inconsistent aligned=True failed=
2026-08-07 03:34:37 WARN OK port 18181 [quick] height=3860 peers=2 p2p=inconsistent aligned=True failed=peer_probe_ok,p2p_state_consistent
2026-08-07 03:34:41 OK port 18182 [quick] height=3860 peers=2 p2p=aligned aligned=True failed=
2026-08-07 03:34:42 OK mesh aligned 18180:h3860/p2 18181:h3860/p2 18182:h3860/p2
2026-08-07 03:39:45 OK port 18180 [quick] height=3862 peers=2 p2p=aligned aligned=True failed=
2026-08-07 03:39:47 OK port 18181 [quick] height=3862 peers=2 p2p=aligned aligned=True failed=
2026-08-07 03:39:50 WARN OK port 18182 [quick] height=3862 peers=2 p2p=inconsistent aligned=True failed=p2p_state_consistent
2026-08-07 03:39:51 OK mesh aligned 18180:h3863/p2 18181:h3862/p2 18182:h3862/p2
2026-08-07 03:44:54 OK port 18180 [quick] height=3867 peers=2 p2p=aligned aligned=True failed=
2026-08-07 03:44:58 WARN OK port 18181 [quick] height=3867 peers=2 p2p=inconsistent aligned=True failed=peer_probe_ok,p2p_state_consistent
2026-08-07 03:45:01 OK port 18182 [quick] height=3867 peers=2 p2p=aligned aligned=True failed=
2026-08-07 03:45:02 OK mesh aligned 18180:h3867/p2 18181:h3867/p2 18182:h3867/p2
2026-08-07 03:50:06 OK port 18180 [quick] height=3872 peers=2 p2p=aligned aligned=True failed=
2026-08-07 03:50:09 OK port 18181 [quick] height=3872 peers=2 p2p=aligned aligned=True failed=
2026-08-07 03:50:13 OK port 18182 [quick] height=3872 peers=2 p2p=aligned aligned=True failed=
2026-08-07 03:50:14 OK mesh aligned 18180:h3872/p2 18181:h3872/p2 18182:h3872/p2
2026-08-07 03:55:22 WARN OK port 18180 [full] height=3876 peers=2 p2p=aligned aligned=True failed=peer_probe_ok
2026-08-07 03:55:30 WARN OK port 18181 [full] height=3876 peers=2 p2p=aligned aligned=True failed=peer_probe_ok
2026-08-07 03:55:39 WARN OK port 18182 [full] height=3876 peers=2 p2p=aligned aligned=True failed=peer_probe_ok
2026-08-07 03:55:40 OK mesh aligned 18180:h3876/p2 18181:h3876/p2 18182:h3876/p2
2026-08-07 04:00:43 OK port 18180 [quick] height=3881 peers=2 p2p=inconsistent aligned=True failed=
2026-08-07 04:00:47 OK port 18181 [quick] height=3881 peers=2 p2p=aligned aligned=True failed=
2026-08-07 04:00:50 WARN OK port 18182 [quick] height=3881 peers=2 p2p=inconsistent aligned=True failed=peer_probe_ok,p2p_state_consistent
2026-08-07 04:00:51 OK mesh aligned 18180:h3881/p2 18181:h3881/p2 18182:h3881/p2
2026-08-07 04:05:52 OK port 18180 [quick] height=3884 peers=1 p2p=under_mesh aligned=True failed= (p2p not full mesh; chain OK)
2026-08-07 04:05:53 OK port 18181 [quick] height=3884 peers=1 p2p=under_mesh aligned=True failed= (p2p not full mesh; chain OK)
2026-08-07 04:05:54 OK port 18182 [quick] height=3884 peers=2 p2p=aligned aligned=True failed=
2026-08-07 04:05:55 OK mesh aligned 18180:h3884/p1 18181:h3884/p1 18182:h3884/p2
2026-08-07 04:10:58 OK port 18180 [quick] height=3888 peers=2 p2p=aligned aligned=True failed=
2026-08-07 04:11:01 OK port 18181 [quick] height=3888 peers=2 p2p=aligned aligned=True failed=
2026-08-07 04:11:05 OK port 18182 [quick] height=3888 peers=2 p2p=aligned aligned=True failed=
2026-08-07 04:11:06 OK mesh aligned 18180:h3888/p2 18181:h3888/p2 18182:h3888/p2
2026-08-07 04:16:09 OK port 18180 [quick] height=3891 peers=2 p2p=aligned aligned=True failed=
2026-08-07 04:16:13 OK port 18181 [quick] height=3891 peers=2 p2p=aligned aligned=True failed=
2026-08-07 04:16:16 OK port 18182 [quick] height=3891 peers=2 p2p=aligned aligned=True failed=
2026-08-07 04:16:17 OK mesh aligned 18180:h3891/p2 18181:h3891/p2 18182:h3891/p2
2026-08-07 04:21:21 OK port 18180 [quick] height=3895 peers=2 p2p=aligned aligned=True failed=
2026-08-07 04:21:24 OK port 18181 [quick] height=3895 peers=2 p2p=aligned aligned=True failed=
2026-08-07 04:21:25 OK port 18182 [quick] height=3895 peers=2 p2p=aligned aligned=True failed=
2026-08-07 04:21:26 OK mesh aligned 18180:h3895/p2 18181:h3895/p2 18182:h3895/p2
2026-08-07 04:26:34 OK port 18180 [full] height=3899 peers=2 p2p=aligned aligned=True failed=
2026-08-07 04:26:41 OK port 18181 [full] height=3899 peers=2 p2p=aligned aligned=True failed=
2026-08-07 04:26:49 WARN OK port 18182 [full] height=3900 peers=2 p2p=aligned aligned=True failed=peer_probe_ok
2026-08-07 04:26:50 OK mesh aligned 18180:h3900/p2 18181:h3900/p2 18182:h3900/p2
2026-08-07 04:31:54 OK port 18180 [quick] height=3904 peers=2 p2p=aligned aligned=True failed=
2026-08-07 04:31:57 WARN OK port 18181 [quick] height=3904 peers=2 p2p=inconsistent aligned=True failed=peer_probe_ok,p2p_state_consistent
2026-08-07 04:32:01 OK port 18182 [quick] height=3904 peers=2 p2p=aligned aligned=True failed=
2026-08-07 04:32:02 OK mesh aligned 18180:h3905/p2 18181:h3905/p2 18182:h3905/p2
2026-08-07 04:37:05 OK port 18180 [quick] height=3908 peers=2 p2p=aligned aligned=True failed=
2026-08-07 04:37:09 WARN OK port 18181 [quick] height=3908 peers=2 p2p=inconsistent aligned=True failed=peer_probe_ok,p2p_state_consistent
2026-08-07 04:37:12 OK port 18182 [quick] height=3908 peers=2 p2p=aligned aligned=True failed=
2026-08-07 04:37:13 OK mesh aligned 18180:h3908/p2 18181:h3908/p2 18182:h3908/p2
2026-08-07 04:42:16 WARN OK port 18180 [quick] height=3911 peers=2 p2p=inconsistent aligned=True failed=peer_probe_ok,p2p_state_consistent
2026-08-07 04:42:20 OK port 18181 [quick] height=3911 peers=2 p2p=inconsistent aligned=True failed=
2026-08-07 04:42:23 OK port 18182 [quick] height=3911 peers=2 p2p=aligned aligned=True failed=
2026-08-07 04:42:24 OK mesh aligned 18180:h3912/p2 18181:h3912/p2 18182:h3912/p2
2026-08-07 04:47:28 WARN OK port 18180 [quick] height=3916 peers=2 p2p=inconsistent aligned=True failed=peer_probe_ok,p2p_state_consistent
2026-08-07 04:47:31 OK port 18181 [quick] height=3916 peers=2 p2p=aligned aligned=True failed=
2026-08-07 04:47:34 WARN OK port 18182 [quick] height=3916 peers=2 p2p=inconsistent aligned=True failed=peer_probe_ok,p2p_state_consistent
2026-08-07 04:47:35 OK mesh aligned 18180:h3916/p2 18181:h3916/p2 18182:h3916/p2
2026-08-07 04:52:39 WARN OK port 18180 [quick] height=3920 peers=2 p2p=inconsistent aligned=True failed=peer_probe_ok,p2p_state_consistent
2026-08-07 04:52:42 OK port 18181 [quick] height=3920 peers=2 p2p=aligned aligned=True failed=
2026-08-07 04:52:46 OK port 18182 [quick] height=3920 peers=2 p2p=aligned aligned=True failed=
2026-08-07 04:52:47 OK mesh aligned 18180:h3920/p2 18181:h3920/p2 18182:h3920/p2
2026-08-07 04:57:55 WARN OK port 18180 [full] height=3924 peers=2 p2p=aligned aligned=True failed=peer_probe_ok
2026-08-07 04:58:04 WARN OK port 18181 [full] height=3924 peers=2 p2p=aligned aligned=True failed=peer_probe_ok
2026-08-07 04:58:12 WARN OK port 18182 [full] height=3924 peers=2 p2p=aligned aligned=True failed=peer_probe_ok
2026-08-07 04:58:13 OK mesh aligned 18180:h3924/p2 18181:h3924/p2 18182:h3924/p2
2026-08-07 05:03:17 OK port 18180 [quick] height=3927 peers=2 p2p=aligned aligned=True failed=
2026-08-07 05:03:20 OK port 18181 [quick] height=3927 peers=2 p2p=aligned aligned=True failed=
2026-08-07 05:03:23 OK port 18182 [quick] height=3927 peers=2 p2p=aligned aligned=True failed=
2026-08-07 05:03:24 OK mesh aligned 18180:h3927/p2 18181:h3927/p2 18182:h3927/p2
2026-08-07 05:08:28 OK port 18180 [quick] height=3930 peers=2 p2p=aligned aligned=True failed=
2026-08-07 05:08:31 OK port 18181 [quick] height=3930 peers=2 p2p=aligned aligned=True failed=
2026-08-07 05:08:35 OK port 18182 [quick] height=3930 peers=2 p2p=aligned aligned=True failed=
2026-08-07 05:08:36 OK mesh aligned 18180:h3930/p2 18181:h3930/p2 18182:h3930/p2
2026-08-07 05:13:39 WARN OK port 18180 [quick] height=3934 peers=2 p2p=inconsistent aligned=True failed=peer_probe_ok,p2p_state_consistent
2026-08-07 05:13:43 OK port 18181 [quick] height=3934 peers=2 p2p=aligned aligned=True failed=
2026-08-07 05:13:43 OK port 18182 [quick] height=3934 peers=2 p2p=aligned aligned=True failed=
2026-08-07 05:13:45 OK mesh aligned 18180:h3934/p2 18181:h3934/p2 18182:h3934/p2
2026-08-07 05:18:48 OK port 18180 [quick] height=3939 peers=2 p2p=aligned aligned=True failed=
2026-08-07 05:18:51 OK port 18181 [quick] height=3939 peers=2 p2p=aligned aligned=True failed=
2026-08-07 05:18:55 OK port 18182 [quick] height=3939 peers=2 p2p=aligned aligned=True failed=
2026-08-07 05:18:56 OK mesh aligned 18180:h3939/p2 18181:h3939/p2 18182:h3939/p2
2026-08-07 05:23:59 WARN OK port 18180 [quick] height=3942 peers=2 p2p=inconsistent aligned=True failed=peer_probe_ok,p2p_state_consistent
2026-08-07 05:24:00 OK port 18181 [quick] height=3942 peers=2 p2p=aligned aligned=True failed=
2026-08-07 05:24:01 WARN OK port 18182 [quick] height=3942 peers=2 p2p=inconsistent aligned=True failed=p2p_state_consistent
2026-08-07 05:24:02 OK mesh aligned 18180:h3942/p2 18181:h3942/p2 18182:h3942/p2
2026-08-07 05:29:11 WARN OK port 18180 [full] height=3947 peers=2 p2p=aligned aligned=True failed=peer_probe_ok
2026-08-07 05:29:19 WARN OK port 18181 [full] height=3947 peers=2 p2p=aligned aligned=True failed=peer_probe_ok
2026-08-07 05:29:27 OK port 18182 [full] height=3947 peers=2 p2p=aligned aligned=True failed=
2026-08-07 05:29:28 OK mesh aligned 18180:h3947/p2 18181:h3947/p2 18182:h3947/p2
2026-08-07 05:34:32 WARN OK port 18180 [quick] height=3951 peers=2 p2p=inconsistent aligned=True failed=peer_probe_ok,p2p_state_consistent
2026-08-07 05:34:35 WARN OK port 18181 [quick] height=3951 peers=2 p2p=inconsistent aligned=True failed=peer_probe_ok,p2p_state_consistent
2026-08-07 05:34:38 WARN OK port 18182 [quick] height=3951 peers=2 p2p=inconsistent aligned=True failed=peer_probe_ok,p2p_state_consistent
2026-08-07 05:34:40 OK mesh aligned 18180:h3951/p2 18181:h3951/p2 18182:h3951/p2
2026-08-07 05:39:43 WARN OK port 18180 [quick] height=3955 peers=2 p2p=inconsistent aligned=True failed=peer_probe_ok,p2p_state_consistent
2026-08-07 05:39:44 OK port 18181 [quick] height=3955 peers=2 p2p=aligned aligned=True failed=
2026-08-07 05:39:44 OK port 18182 [quick] height=3955 peers=2 p2p=aligned aligned=True failed=
2026-08-07 05:39:46 OK mesh aligned 18180:h3955/p2 18181:h3955/p2 18182:h3955/p2
2026-08-07 05:44:49 WARN OK port 18180 [quick] height=3959 peers=2 p2p=inconsistent aligned=True failed=peer_probe_ok,p2p_state_consistent
2026-08-07 05:44:53 WARN OK port 18181 [quick] height=3959 peers=2 p2p=inconsistent aligned=True failed=peer_probe_ok,p2p_state_consistent
2026-08-07 05:44:57 WARN OK port 18182 [quick] height=3959 peers=2 p2p=inconsistent aligned=True failed=peer_probe_ok,p2p_state_consistent
2026-08-07 05:44:58 OK mesh aligned 18180:h3959/p2 18181:h3959/p2 18182:h3959/p1
2026-08-07 05:50:01 OK port 18180 [quick] height=3964 peers=2 p2p=aligned aligned=True failed=
2026-08-07 05:50:05 OK port 18181 [quick] height=3964 peers=2 p2p=aligned aligned=True failed=
2026-08-07 05:50:08 OK port 18182 [quick] height=3964 peers=2 p2p=aligned aligned=True failed=
2026-08-07 05:50:09 OK mesh aligned 18180:h3964/p2 18181:h3964/p2 18182:h3964/p2
2026-08-07 05:55:13 OK port 18180 [quick] height=3967 peers=2 p2p=aligned aligned=True failed=
2026-08-07 05:55:16 OK port 18181 [quick] height=3967 peers=2 p2p=aligned aligned=True failed=
2026-08-07 05:55:20 OK port 18182 [quick] height=3967 peers=2 p2p=aligned aligned=True failed=
2026-08-07 05:55:21 OK mesh aligned 18180:h3967/p2 18181:h3967/p2 18182:h3967/p2
2026-08-07 06:00:29 WARN OK port 18180 [full] height=3969 peers=2 p2p=aligned aligned=True failed=peer_probe_ok
2026-08-07 06:00:38 WARN OK port 18181 [full] height=3969 peers=2 p2p=aligned aligned=True failed=peer_probe_ok
2026-08-07 06:00:46 WARN OK port 18182 [full] height=3969 peers=2 p2p=aligned aligned=True failed=peer_probe_ok
2026-08-07 06:00:48 OK mesh aligned 18180:h3969/p2 18181:h3969/p2 18182:h3969/p2
2026-08-07 06:05:51 WARN OK port 18180 [quick] height=3970 peers=1 p2p=under_mesh aligned=True failed=peer_probe_ok,p2p_state_consistent
2026-08-07 06:05:52 OK port 18181 [quick] height=3970 peers=1 p2p=under_mesh aligned=True failed= (p2p not full mesh; chain OK)
2026-08-07 06:05:53 OK port 18182 [quick] height=3970 peers=1 p2p=under_mesh aligned=True failed= (p2p not full mesh; chain OK)
2026-08-07 06:05:54 OK mesh aligned 18180:h3970/p1 18181:h3970/p1 18182:h3970/p1
2026-08-07 06:10:57 WARN OK port 18180 [quick] height=3970 peers=2 p2p=inconsistent aligned=True failed=peer_probe_ok,p2p_state_consistent
2026-08-07 06:10:58 OK port 18181 [quick] height=3970 peers=2 p2p=aligned aligned=True failed=
2026-08-07 06:10:59 OK port 18182 [quick] height=3970 peers=2 p2p=aligned aligned=True failed=
2026-08-07 06:11:00 OK mesh aligned 18180:h3970/p2 18181:h3970/p2 18182:h3970/p2
2026-08-07 06:16:03 OK port 18180 [quick] height=3974 peers=2 p2p=aligned aligned=True failed=
2026-08-07 06:16:07 OK port 18181 [quick] height=3974 peers=2 p2p=aligned aligned=True failed=
2026-08-07 06:16:08 OK port 18182 [quick] height=3974 peers=2 p2p=aligned aligned=True failed=
2026-08-07 06:16:10 OK mesh aligned 18180:h3974/p2 18181:h3974/p2 18182:h3974/p2
2026-08-07 06:21:13 OK port 18180 [quick] height=3978 peers=2 p2p=aligned aligned=True failed=
2026-08-07 06:21:17 OK port 18181 [quick] height=3978 peers=2 p2p=aligned aligned=True failed=
2026-08-07 06:21:20 OK port 18182 [quick] height=3978 peers=2 p2p=aligned aligned=True failed=
2026-08-07 06:21:21 OK mesh aligned 18180:h3978/p2 18181:h3978/p2 18182:h3978/p2
2026-08-07 06:26:25 WARN OK port 18180 [quick] height=3980 peers=2 p2p=aligned aligned=True failed=peer_probe_ok,p2p_state_consistent
2026-08-07 06:26:28 OK port 18181 [quick] height=3980 peers=2 p2p=aligned aligned=True failed=
2026-08-07 06:26:31 OK port 18182 [quick] height=3980 peers=2 p2p=aligned aligned=True failed=
2026-08-07 06:26:33 OK mesh aligned 18180:h3980/p2 18181:h3980/p2 18182:h3980/p2
2026-08-07 06:31:41 WARN OK port 18180 [full] height=3980 peers=2 p2p=aligned aligned=True failed=peer_probe_ok
2026-08-07 06:31:49 OK port 18181 [full] height=3980 peers=2 p2p=aligned aligned=True failed=
2026-08-07 06:31:57 OK port 18182 [full] height=3980 peers=2 p2p=aligned aligned=True failed=
2026-08-07 06:31:58 OK mesh aligned 18180:h3980/p2 18181:h3980/p2 18182:h3980/p2
2026-08-07 06:37:01 OK port 18180 [quick] height=3982 peers=2 p2p=aligned aligned=True failed=
2026-08-07 06:37:04 WARN OK port 18181 [quick] height=3982 peers=1 p2p=under_mesh aligned=True failed=p2p_state_consistent
2026-08-07 06:37:08 WARN OK port 18182 [quick] height=3982 peers=1 p2p=under_mesh aligned=True failed=peer_probe_ok,p2p_state_consistent
2026-08-07 06:37:09 OK mesh aligned 18180:h3982/p2 18181:h3982/p1 18182:h3982/p1
2026-08-07 06:42:12 WARN OK port 18180 [quick] height=3985 peers=2 p2p=inconsistent aligned=True failed=peer_probe_ok,p2p_state_consistent
2026-08-07 06:42:16 OK port 18181 [quick] height=3985 peers=2 p2p=aligned aligned=True failed=
2026-08-07 06:42:19 WARN OK port 18182 [quick] height=3985 peers=2 p2p=inconsistent aligned=True failed=peer_probe_ok,p2p_state_consistent
2026-08-07 06:42:21 OK mesh aligned 18180:h3985/p2 18181:h3985/p2 18182:h3985/p2
2026-08-07 06:47:22 OK port 18180 [quick] height=3988 peers=2 p2p=inconsistent aligned=True failed=
2026-08-07 06:47:25 OK port 18181 [quick] height=3988 peers=2 p2p=aligned aligned=True failed=
2026-08-07 06:47:28 OK port 18182 [quick] height=3989 peers=2 p2p=aligned aligned=True failed=
2026-08-07 06:47:30 OK mesh aligned 18180:h3989/p2 18181:h3989/p2 18182:h3989/p2
2026-08-07 06:52:33 OK port 18180 [quick] height=3992 peers=2 p2p=aligned aligned=True failed=
2026-08-07 06:52:37 OK port 18181 [quick] height=3992 peers=2 p2p=aligned aligned=True failed=
2026-08-07 06:52:40 OK port 18182 [quick] height=3992 peers=2 p2p=aligned aligned=True failed=
2026-08-07 06:52:41 OK mesh aligned 18180:h3992/p2 18181:h3992/p2 18182:h3992/p2
2026-08-07 06:57:45 WARN OK port 18180 [quick] height=3995 peers=2 p2p=inconsistent aligned=True failed=peer_probe_ok,p2p_state_consistent
2026-08-07 06:57:45 OK port 18181 [quick] height=3995 peers=2 p2p=aligned aligned=True failed=
2026-08-07 06:57:46 OK port 18182 [quick] height=3995 peers=2 p2p=aligned aligned=True failed=
2026-08-07 06:57:47 OK mesh aligned 18180:h3995/p2 18181:h3995/p2 18182:h3995/p2
2026-08-07 07:02:56 WARN OK port 18180 [full] height=3999 peers=2 p2p=aligned aligned=True failed=peer_probe_ok
2026-08-07 07:03:04 WARN OK port 18181 [full] height=3999 peers=2 p2p=inconsistent aligned=True failed=peer_probe_ok,p2p_state_consistent
2026-08-07 07:03:13 WARN OK port 18182 [full] height=3999 peers=2 p2p=inconsistent aligned=True failed=peer_probe_ok,p2p_state_consistent
2026-08-07 07:03:14 OK mesh aligned 18180:h3999/p2 18181:h3999/p2 18182:h3999/p2
2026-08-07 07:08:18 WARN OK port 18180 [quick] height=4003 peers=2 p2p=inconsistent aligned=True failed=peer_probe_ok,p2p_state_consistent
2026-08-07 07:08:21 OK port 18181 [quick] height=4003 peers=2 p2p=aligned aligned=True failed=
2026-08-07 07:08:24 OK port 18182 [quick] height=4003 peers=2 p2p=aligned aligned=True failed=
2026-08-07 07:08:26 OK mesh aligned 18180:h4003/p2 18181:h4003/p2 18182:h4003/p2
2026-08-07 07:13:29 OK port 18180 [quick] height=4007 peers=2 p2p=aligned aligned=True failed=
2026-08-07 07:13:33 OK port 18181 [quick] height=4007 peers=2 p2p=aligned aligned=True failed=
2026-08-07 07:13:36 OK port 18182 [quick] height=4007 peers=2 p2p=aligned aligned=True failed=
2026-08-07 07:13:37 OK mesh aligned 18180:h4007/p2 18181:h4007/p2 18182:h4007/p2
2026-08-07 07:18:41 WARN OK port 18180 [quick] height=4010 peers=2 p2p=inconsistent aligned=True failed=peer_probe_ok,p2p_state_consistent
2026-08-07 07:18:44 WARN OK port 18181 [quick] height=4010 peers=2 p2p=inconsistent aligned=True failed=peer_probe_ok,p2p_state_consistent
2026-08-07 07:18:48 OK port 18182 [quick] height=4010 peers=2 p2p=aligned aligned=True failed=
2026-08-07 07:18:49 OK mesh aligned 18180:h4010/p2 18181:h4010/p2 18182:h4010/p2
2026-08-07 07:23:53 OK port 18180 [quick] height=4014 peers=2 p2p=inconsistent aligned=True failed=
2026-08-07 07:23:56 OK port 18181 [quick] height=4014 peers=2 p2p=aligned aligned=True failed=
2026-08-07 07:24:00 WARN OK port 18182 [quick] height=4014 peers=2 p2p=inconsistent aligned=True failed=peer_probe_ok,p2p_state_consistent
2026-08-07 07:24:01 OK mesh aligned 18180:h4014/p2 18181:h4014/p2 18182:h4014/p2
2026-08-07 07:29:04 OK port 18180 [quick] height=4016 peers=2 p2p=aligned aligned=True failed=
2026-08-07 07:29:08 OK port 18181 [quick] height=4016 peers=2 p2p=aligned aligned=True failed=
2026-08-07 07:29:11 OK port 18182 [quick] height=4016 peers=2 p2p=aligned aligned=True failed=
2026-08-07 07:29:13 OK mesh aligned 18180:h4016/p2 18181:h4016/p2 18182:h4016/p2
2026-08-07 07:34:22 WARN OK port 18180 [full] height=4020 peers=2 p2p=aligned aligned=True failed=peer_probe_ok
2026-08-07 07:34:30 WARN OK port 18181 [full] height=4020 peers=2 p2p=aligned aligned=True failed=peer_probe_ok
2026-08-07 07:34:39 WARN OK port 18182 [full] height=4020 peers=2 p2p=aligned aligned=True failed=peer_probe_ok
2026-08-07 07:34:40 OK mesh aligned 18180:h4020/p2 18181:h4020/p2 18182:h4020/p2
2026-08-07 07:39:44 OK port 18180 [quick] height=4024 peers=2 p2p=aligned aligned=True failed=
2026-08-07 07:39:47 OK port 18181 [quick] height=4024 peers=2 p2p=aligned aligned=True failed=
2026-08-07 07:39:51 WARN OK port 18182 [quick] height=4024 peers=2 p2p=inconsistent aligned=True failed=peer_probe_ok,p2p_state_consistent
2026-08-07 07:39:52 OK mesh aligned 18180:h4024/p2 18181:h4024/p2 18182:h4024/p2
2026-08-07 07:44:55 WARN OK port 18180 [quick] height=4027 peers=1 p2p=under_mesh aligned=True failed=peer_probe_ok,p2p_state_consistent
2026-08-07 07:44:56 OK port 18181 [quick] height=4027 peers=1 p2p=under_mesh aligned=True failed= (p2p not full mesh; chain OK)
2026-08-07 07:44:57 WARN OK port 18182 [quick] height=4027 peers=1 p2p=under_mesh aligned=True failed=p2p_state_consistent
2026-08-07 07:44:58 OK mesh aligned 18180:h4027/p1 18181:h4027/p1 18182:h4027/p1
2026-08-07 07:50:02 OK port 18180 [quick] height=4030 peers=2 p2p=aligned aligned=True failed=
2026-08-07 07:50:05 OK port 18181 [quick] height=4030 peers=2 p2p=aligned aligned=True failed=
2026-08-07 07:50:09 WARN OK port 18182 [quick] height=4030 peers=2 p2p=inconsistent aligned=True failed=peer_probe_ok,p2p_state_consistent
2026-08-07 07:50:10 OK mesh aligned 18180:h4030/p2 18181:h4030/p2 18182:h4030/p2
2026-08-07 07:55:14 WARN OK port 18180 [quick] height=4033 peers=2 p2p=inconsistent aligned=True failed=peer_probe_ok,p2p_state_consistent
2026-08-07 07:55:15 OK port 18181 [quick] height=4033 peers=2 p2p=aligned aligned=True failed=
2026-08-07 07:55:15 OK port 18182 [quick] height=4033 peers=2 p2p=aligned aligned=True failed=
2026-08-07 07:55:17 OK mesh aligned 18180:h4034/p2 18181:h4034/p2 18182:h4034/p2
2026-08-07 08:00:20 OK port 18180 [quick] height=4038 peers=2 p2p=aligned aligned=True failed=
2026-08-07 08:00:24 OK port 18181 [quick] height=4038 peers=2 p2p=aligned aligned=True failed=
2026-08-07 08:00:27 WARN OK port 18182 [quick] height=4038 peers=2 p2p=inconsistent aligned=True failed=peer_probe_ok,p2p_state_consistent
2026-08-07 08:00:28 OK mesh aligned 18180:h4038/p2 18181:h4038/p2 18182:h4038/p2
2026-08-07 08:05:37 WARN OK port 18180 [full] height=4041 peers=2 p2p=aligned aligned=True failed=peer_probe_ok
2026-08-07 08:05:44 OK port 18181 [full] height=4041 peers=2 p2p=inconsistent aligned=True failed=
2026-08-07 08:05:45 OK port 18182 [full] height=4041 peers=2 p2p=inconsistent aligned=True failed=
2026-08-07 08:05:47 OK mesh aligned 18180:h4042/p2 18181:h4041/p2 18182:h4042/p2
2026-08-07 08:10:50 OK port 18180 [quick] height=4045 peers=2 p2p=aligned aligned=True failed=
2026-08-07 08:10:52 OK port 18181 [quick] height=4045 peers=2 p2p=aligned aligned=True failed=
2026-08-07 08:10:55 OK port 18182 [quick] height=4045 peers=2 p2p=aligned aligned=True failed=
2026-08-07 08:10:57 OK mesh aligned 18180:h4045/p2 18181:h4045/p2 18182:h4045/p2
2026-08-07 08:16:00 OK port 18180 [quick] height=4049 peers=2 p2p=aligned aligned=True failed=
2026-08-07 08:16:04 OK port 18181 [quick] height=4049 peers=2 p2p=aligned aligned=True failed=
2026-08-07 08:16:07 OK port 18182 [quick] height=4049 peers=2 p2p=aligned aligned=True failed=
2026-08-07 08:16:08 OK mesh aligned 18180:h4049/p2 18181:h4049/p2 18182:h4049/p2
2026-08-07 08:21:12 OK port 18180 [quick] height=4054 peers=2 p2p=aligned aligned=True failed=
2026-08-07 08:21:15 OK port 18181 [quick] height=4054 peers=2 p2p=aligned aligned=True failed=
2026-08-07 08:21:19 OK port 18182 [quick] height=4054 peers=2 p2p=aligned aligned=True failed=
2026-08-07 08:21:20 OK mesh aligned 18180:h4054/p2 18181:h4054/p2 18182:h4054/p2
2026-08-07 08:26:24 OK port 18180 [quick] height=4059 peers=2 p2p=aligned aligned=True failed=
2026-08-07 08:26:27 OK port 18181 [quick] height=4059 peers=2 p2p=aligned aligned=True failed=
2026-08-07 08:26:31 OK port 18182 [quick] height=4059 peers=2 p2p=aligned aligned=True failed=
2026-08-07 08:26:32 OK mesh aligned 18180:h4059/p2 18181:h4059/p2 18182:h4059/p2
2026-08-07 08:31:36 OK port 18180 [quick] height=4063 peers=2 p2p=aligned aligned=True failed=
2026-08-07 08:31:39 OK port 18181 [quick] height=4063 peers=2 p2p=aligned aligned=True failed=
2026-08-07 08:31:44 OK port 18182 [quick] height=4063 peers=2 p2p=aligned aligned=True failed=
2026-08-07 08:31:46 OK mesh aligned 18180:h4063/p2 18181:h4063/p2 18182:h4063/p2
2026-08-07 08:36:55 WARN OK port 18180 [full] height=4067 peers=2 p2p=aligned aligned=True failed=peer_probe_ok
2026-08-07 08:37:04 WARN OK port 18181 [full] height=4067 peers=2 p2p=aligned aligned=True failed=peer_probe_ok
2026-08-07 08:37:12 WARN OK port 18182 [full] height=4067 peers=2 p2p=inconsistent aligned=True failed=peer_probe_ok,p2p_state_consistent
2026-08-07 08:37:14 OK mesh aligned 18180:h4067/p2 18181:h4067/p2 18182:h4067/p2
2026-08-07 08:42:17 OK port 18180 [quick] height=4070 peers=2 p2p=aligned aligned=True failed=
2026-08-07 08:42:19 OK port 18181 [quick] height=4070 peers=2 p2p=aligned aligned=True failed=
2026-08-07 08:42:22 OK port 18182 [quick] height=4070 peers=2 p2p=aligned aligned=True failed=
2026-08-07 08:42:24 OK mesh aligned 18180:h4071/p2 18181:h4071/p2 18182:h4071/p2
2026-08-07 08:47:27 WARN OK port 18180 [quick] height=4074 peers=2 p2p=inconsistent aligned=True failed=peer_probe_ok,p2p_state_consistent
2026-08-07 08:47:31 OK port 18181 [quick] height=4074 peers=2 p2p=aligned aligned=True failed=
2026-08-07 08:47:34 WARN OK port 18182 [quick] height=4074 peers=2 p2p=inconsistent aligned=True failed=peer_probe_ok,p2p_state_consistent
2026-08-07 08:47:36 OK mesh aligned 18180:h4074/p1 18181:h4074/p0 18182:h4074/p1
2026-08-07 08:52:39 WARN OK port 18180 [quick] height=4078 peers=2 p2p=inconsistent aligned=True failed=peer_probe_ok,p2p_state_consistent
2026-08-07 08:52:43 WARN OK port 18181 [quick] height=4078 peers=2 p2p=inconsistent aligned=True failed=peer_probe_ok,p2p_state_consistent
2026-08-07 08:52:46 WARN OK port 18182 [quick] height=4078 peers=2 p2p=inconsistent aligned=True failed=peer_probe_ok,p2p_state_consistent
2026-08-07 08:52:48 OK mesh aligned 18180:h4078/p2 18181:h4078/p2 18182:h4078/p2
2026-08-07 08:57:51 WARN OK port 18180 [quick] height=4083 peers=2 p2p=inconsistent aligned=True failed=peer_probe_ok,p2p_state_consistent
2026-08-07 08:57:55 OK port 18181 [quick] height=4083 peers=2 p2p=aligned aligned=True failed=
2026-08-07 08:57:58 WARN OK port 18182 [quick] height=4083 peers=2 p2p=inconsistent aligned=True failed=peer_probe_ok,p2p_state_consistent
2026-08-07 08:58:00 OK mesh aligned 18180:h4083/p2 18181:h4083/p2 18182:h4083/p2
2026-08-07 09:03:03 OK port 18180 [quick] height=4086 peers=2 p2p=aligned aligned=True failed=
2026-08-07 09:03:07 WARN OK port 18181 [quick] height=4086 peers=2 p2p=inconsistent aligned=True failed=peer_probe_ok,p2p_state_consistent
2026-08-07 09:03:10 WARN OK port 18182 [quick] height=4086 peers=2 p2p=inconsistent aligned=True failed=peer_probe_ok,p2p_state_consistent
2026-08-07 09:03:12 OK mesh aligned 18180:h4086/p2 18181:h4086/p2 18182:h4086/p2
2026-08-07 09:08:18 OK port 18180 [full] height=4089 peers=2 p2p=aligned aligned=True failed=
2026-08-07 09:08:19 OK port 18181 [full] height=4089 peers=2 p2p=aligned aligned=True failed=
2026-08-07 09:08:27 OK port 18182 [full] height=4089 peers=2 p2p=aligned aligned=True failed=
2026-08-07 09:08:28 OK mesh aligned 18180:h4090/p2 18181:h4090/p2 18182:h4090/p2
2026-08-07 09:13:32 OK port 18180 [quick] height=4094 peers=2 p2p=aligned aligned=True failed=
2026-08-07 09:13:33 OK port 18181 [quick] height=4094 peers=2 p2p=aligned aligned=True failed=
2026-08-07 09:13:36 OK port 18182 [quick] height=4094 peers=2 p2p=aligned aligned=True failed=
2026-08-07 09:13:37 OK mesh aligned 18180:h4095/p2 18181:h4095/p2 18182:h4095/p2
2026-08-07 09:18:41 OK port 18180 [quick] height=4098 peers=2 p2p=aligned aligned=True failed=
2026-08-07 09:18:44 OK port 18181 [quick] height=4098 peers=2 p2p=aligned aligned=True failed=
2026-08-07 09:18:48 OK port 18182 [quick] height=4098 peers=2 p2p=aligned aligned=True failed=
2026-08-07 09:18:49 OK mesh aligned 18180:h4098/p2 18181:h4098/p2 18182:h4098/p2
2026-08-07 09:23:53 OK port 18180 [quick] height=4103 peers=2 p2p=aligned aligned=True failed=
2026-08-07 09:23:56 OK port 18181 [quick] height=4103 peers=2 p2p=aligned aligned=True failed=
2026-08-07 09:24:00 OK port 18182 [quick] height=4103 peers=2 p2p=aligned aligned=True failed=
2026-08-07 09:24:01 OK mesh aligned 18180:h4103/p2 18181:h4103/p2 18182:h4103/p2
2026-08-07 09:29:05 WARN OK port 18180 [quick] height=4106 peers=2 p2p=inconsistent aligned=True failed=peer_probe_ok,p2p_state_consistent
2026-08-07 09:29:08 WARN OK port 18181 [quick] height=4106 peers=2 p2p=inconsistent aligned=True failed=peer_probe_ok,p2p_state_consistent
2026-08-07 09:29:12 WARN OK port 18182 [quick] height=4106 peers=2 p2p=inconsistent aligned=True failed=peer_probe_ok,p2p_state_consistent
2026-08-07 09:29:13 OK mesh aligned 18180:h4106/p2 18181:h4106/p2 18182:h4106/p2
2026-08-07 09:34:17 WARN OK port 18180 [quick] height=4110 peers=2 p2p=aligned aligned=True failed=peer_probe_ok,p2p_state_consistent
2026-08-07 09:34:20 WARN OK port 18181 [quick] height=4110 peers=2 p2p=inconsistent aligned=True failed=peer_probe_ok,p2p_state_consistent
2026-08-07 09:34:21 OK port 18182 [quick] height=4110 peers=2 p2p=aligned aligned=True failed=
2026-08-07 09:34:23 OK mesh aligned 18180:h4110/p2 18181:h4110/p2 18182:h4110/p2
2026-08-07 09:39:31 WARN OK port 18180 [full] height=4114 peers=2 p2p=inconsistent aligned=True failed=peer_probe_ok,p2p_state_consistent
2026-08-07 09:39:40 WARN OK port 18181 [full] height=4114 peers=2 p2p=aligned aligned=True failed=peer_probe_ok,p2p_state_consistent
2026-08-07 09:39:41 WARN OK port 18182 [full] height=4114 peers=2 p2p=inconsistent aligned=True failed=p2p_state_consistent
2026-08-07 09:39:42 OK mesh aligned 18180:h4114/p2 18181:h4114/p1 18182:h4114/p1
2026-08-07 09:44:46 WARN OK port 18180 [quick] height=4118 peers=2 p2p=inconsistent aligned=True failed=peer_probe_ok,p2p_state_consistent
2026-08-07 09:44:49 WARN OK port 18181 [quick] height=4118 peers=2 p2p=inconsistent aligned=True failed=peer_probe_ok,p2p_state_consistent
2026-08-07 09:44:50 OK port 18182 [quick] height=4118 peers=2 p2p=aligned aligned=True failed=
2026-08-07 09:44:51 OK mesh aligned 18180:h4118/p2 18181:h4118/p2 18182:h4118/p2
2026-08-07 09:49:55 WARN OK port 18180 [quick] height=4122 peers=2 p2p=inconsistent aligned=True failed=peer_probe_ok,p2p_state_consistent
2026-08-07 09:49:58 OK port 18181 [quick] height=4122 peers=2 p2p=aligned aligned=True failed=
2026-08-07 09:50:02 WARN OK port 18182 [quick] height=4122 peers=2 p2p=inconsistent aligned=True failed=peer_probe_ok,p2p_state_consistent
2026-08-07 09:50:04 OK mesh aligned 18180:h4122/p2 18181:h4122/p2 18182:h4122/p2
2026-08-07 09:55:07 OK port 18180 [quick] height=4125 peers=2 p2p=aligned aligned=True failed=
2026-08-07 09:55:11 OK port 18181 [quick] height=4125 peers=2 p2p=aligned aligned=True failed=
2026-08-07 09:55:14 OK port 18182 [quick] height=4125 peers=2 p2p=aligned aligned=True failed=
2026-08-07 09:55:16 OK mesh aligned 18180:h4125/p2 18181:h4125/p2 18182:h4125/p2
2026-08-07 10:00:19 WARN OK port 18180 [quick] height=4128 peers=2 p2p=inconsistent aligned=True failed=peer_probe_ok,p2p_state_consistent
2026-08-07 10:00:23 WARN OK port 18181 [quick] height=4128 peers=2 p2p=inconsistent aligned=True failed=peer_probe_ok,p2p_state_consistent
2026-08-07 10:00:24 OK port 18182 [quick] height=4128 peers=2 p2p=aligned aligned=True failed=
2026-08-07 10:00:25 OK mesh aligned 18180:h4128/p1 18181:h4128/p1 18182:h4128/p2
2026-08-07 10:05:29 OK port 18180 [quick] height=4131 peers=2 p2p=aligned aligned=True failed=
2026-08-07 10:05:32 OK port 18181 [quick] height=4131 peers=2 p2p=aligned aligned=True failed=
2026-08-07 10:05:33 OK port 18182 [quick] height=4131 peers=2 p2p=aligned aligned=True failed=
2026-08-07 10:05:34 OK mesh aligned 18180:h4131/p2 18181:h4131/p2 18182:h4131/p2
2026-08-07 10:10:43 WARN OK port 18180 [full] height=4135 peers=2 p2p=aligned aligned=True failed=peer_probe_ok
2026-08-07 10:10:51 WARN OK port 18181 [full] height=4135 peers=2 p2p=inconsistent aligned=True failed=peer_probe_ok,p2p_state_consistent
2026-08-07 10:11:00 WARN OK port 18182 [full] height=4135 peers=2 p2p=aligned aligned=True failed=peer_probe_ok
2026-08-07 10:11:02 OK mesh aligned 18180:h4135/p2 18181:h4135/p2 18182:h4135/p2
2026-08-07 10:16:05 OK port 18180 [quick] height=4138 peers=2 p2p=aligned aligned=True failed=
2026-08-07 10:16:09 OK port 18181 [quick] height=4138 peers=2 p2p=aligned aligned=True failed=
2026-08-07 10:16:12 WARN OK port 18182 [quick] height=4138 peers=2 p2p=inconsistent aligned=True failed=peer_probe_ok,p2p_state_consistent
2026-08-07 10:16:14 OK mesh aligned 18180:h4138/p2 18181:h4138/p2 18182:h4138/p2
2026-08-07 10:21:14 WARN OK port 18180 [quick] height=4140 peers=1 p2p=under_mesh aligned=True failed=p2p_state_consistent
2026-08-07 10:21:15 OK port 18181 [quick] height=4140 peers=2 p2p=aligned aligned=True failed=
2026-08-07 10:21:16 OK port 18182 [quick] height=4140 peers=1 p2p=under_mesh aligned=True failed= (p2p not full mesh; chain OK)
2026-08-07 10:21:18 OK mesh aligned 18180:h4140/p2 18181:h4140/p2 18182:h4140/p2
2026-08-07 10:26:21 OK port 18180 [quick] height=4143 peers=2 p2p=aligned aligned=True failed=
2026-08-07 10:26:25 OK port 18181 [quick] height=4143 peers=2 p2p=aligned aligned=True failed=
2026-08-07 10:26:27 OK port 18182 [quick] height=4143 peers=2 p2p=aligned aligned=True failed=
2026-08-07 10:26:28 OK mesh aligned 18180:h4143/p2 18181:h4143/p2 18182:h4143/p2
2026-08-07 10:31:32 WARN OK port 18180 [quick] height=4147 peers=2 p2p=inconsistent aligned=True failed=peer_probe_ok,p2p_state_consistent
2026-08-07 10:31:35 WARN OK port 18181 [quick] height=4147 peers=2 p2p=inconsistent aligned=True failed=peer_probe_ok,p2p_state_consistent
2026-08-07 10:31:39 WARN OK port 18182 [quick] height=4147 peers=2 p2p=inconsistent aligned=True failed=peer_probe_ok,p2p_state_consistent
2026-08-07 10:31:41 OK mesh aligned 18180:h4147/p2 18181:h4147/p2 18182:h4147/p2
2026-08-07 10:36:44 OK port 18180 [quick] height=4152 peers=2 p2p=aligned aligned=True failed=
2026-08-07 10:36:48 OK port 18181 [quick] height=4152 peers=2 p2p=aligned aligned=True failed=
2026-08-07 10:36:51 OK port 18182 [quick] height=4152 peers=2 p2p=aligned aligned=True failed=
2026-08-07 10:36:53 OK mesh aligned 18180:h4152/p2 18181:h4152/p2 18182:h4152/p2
2026-08-07 10:42:01 WARN OK port 18180 [full] height=4157 peers=2 p2p=aligned aligned=True failed=peer_probe_ok
2026-08-07 10:42:10 WARN OK port 18181 [full] height=4157 peers=2 p2p=aligned aligned=True failed=peer_probe_ok
2026-08-07 10:42:13 OK port 18182 [full] height=4157 peers=2 p2p=aligned aligned=True failed=
2026-08-07 10:42:14 OK mesh aligned 18180:h4157/p2 18181:h4157/p2 18182:h4157/p2
2026-08-07 10:47:18 WARN OK port 18180 [quick] height=4160 peers=2 p2p=inconsistent aligned=True failed=peer_probe_ok,p2p_state_consistent
2026-08-07 10:47:19 OK port 18181 [quick] height=4160 peers=2 p2p=aligned aligned=True failed=
2026-08-07 10:47:20 OK port 18182 [quick] height=4160 peers=2 p2p=aligned aligned=True failed=
2026-08-07 10:47:21 OK mesh aligned 18180:h4160/p2 18181:h4160/p2 18182:h4160/p2
2026-08-07 10:52:25 OK port 18180 [quick] height=4164 peers=2 p2p=inconsistent aligned=True failed=
2026-08-07 10:52:28 WARN OK port 18181 [quick] height=4164 peers=2 p2p=inconsistent aligned=True failed=peer_probe_ok,p2p_state_consistent
2026-08-07 10:52:32 OK port 18182 [quick] height=4164 peers=2 p2p=aligned aligned=True failed=
2026-08-07 10:52:33 OK mesh aligned 18180:h4164/p2 18181:h4164/p2 18182:h4164/p2
2026-08-07 10:57:34 OK port 18180 [quick] height=4167 peers=1 p2p=under_mesh aligned=True failed= (p2p not full mesh; chain OK)
2026-08-07 10:57:36 OK port 18181 [quick] height=4167 peers=2 p2p=aligned aligned=True failed=
2026-08-07 10:57:37 OK port 18182 [quick] height=4167 peers=1 p2p=under_mesh aligned=True failed= (p2p not full mesh; chain OK)
2026-08-07 10:57:39 OK mesh aligned 18180:h4167/p1 18181:h4167/p2 18182:h4167/p1
2026-08-07 11:02:42 WARN OK port 18180 [quick] height=4170 peers=2 p2p=inconsistent aligned=True failed=peer_probe_ok,p2p_state_consistent
2026-08-07 11:02:43 OK port 18181 [quick] height=4170 peers=2 p2p=aligned aligned=True failed=
2026-08-07 11:02:44 OK port 18182 [quick] height=4170 peers=2 p2p=aligned aligned=True failed=
2026-08-07 11:02:46 OK mesh aligned 18180:h4170/p2 18181:h4170/p2 18182:h4170/p2
2026-08-07 11:07:50 OK port 18180 [quick] height=4173 peers=2 p2p=aligned aligned=True failed=
2026-08-07 11:07:53 WARN OK port 18181 [quick] height=4173 peers=1 p2p=under_mesh aligned=True failed=peer_probe_ok,p2p_state_consistent
2026-08-07 11:07:57 WARN OK port 18182 [quick] height=4173 peers=1 p2p=under_mesh aligned=True failed=peer_probe_ok,p2p_state_consistent
2026-08-07 11:07:58 OK mesh aligned 18180:h4173/p2 18181:h4173/p2 18182:h4173/p2
2026-08-07 11:13:03 OK port 18180 [full] height=4176 peers=2 p2p=inconsistent aligned=True failed=
2026-08-07 11:13:04 OK port 18181 [full] height=4176 peers=2 p2p=aligned aligned=True failed=
2026-08-07 11:13:11 WARN OK port 18182 [full] height=4176 peers=2 p2p=inconsistent aligned=True failed=p2p_state_consistent
2026-08-07 11:13:13 OK mesh aligned 18180:h4177/p2 18181:h4177/p2 18182:h4177/p2
2026-08-07 11:18:16 OK port 18180 [quick] height=4181 peers=2 p2p=aligned aligned=True failed=
2026-08-07 11:18:20 OK port 18181 [quick] height=4181 peers=2 p2p=aligned aligned=True failed=
2026-08-07 11:18:23 OK port 18182 [quick] height=4181 peers=2 p2p=aligned aligned=True failed=
2026-08-07 11:18:25 OK mesh aligned 18180:h4181/p2 18181:h4181/p2 18182:h4181/p2
2026-08-07 11:23:29 WARN OK port 18180 [quick] height=4185 peers=2 p2p=aligned aligned=True failed=peer_probe_ok,p2p_state_consistent
2026-08-07 11:23:32 OK port 18181 [quick] height=4185 peers=2 p2p=inconsistent aligned=True failed=
2026-08-07 11:23:32 WARN OK port 18182 [quick] height=4185 peers=2 p2p=inconsistent aligned=True failed=p2p_state_consistent
2026-08-07 11:23:34 OK mesh aligned 18180:h4185/p2 18181:h4185/p2 18182:h4185/p2
2026-08-07 11:28:35 OK port 18180 [quick] height=4189 peers=2 p2p=aligned aligned=True failed=
2026-08-07 11:28:36 OK port 18181 [quick] height=4189 peers=2 p2p=aligned aligned=True failed=
2026-08-07 11:28:39 OK port 18182 [quick] height=4189 peers=2 p2p=aligned aligned=True failed=
2026-08-07 11:28:41 OK mesh aligned 18180:h4190/p2 18181:h4190/p2 18182:h4190/p2
2026-08-07 11:33:44 OK port 18180 [quick] height=4193 peers=2 p2p=aligned aligned=True failed=
2026-08-07 11:33:48 OK port 18181 [quick] height=4193 peers=2 p2p=aligned aligned=True failed=
2026-08-07 11:33:52 WARN OK port 18182 [quick] height=4193 peers=2 p2p=inconsistent aligned=True failed=peer_probe_ok,p2p_state_consistent
2026-08-07 11:33:53 OK mesh aligned 18180:h4193/p2 18181:h4193/p2 18182:h4193/p2
2026-08-07 11:38:57 OK port 18180 [quick] height=4198 peers=2 p2p=inconsistent aligned=True failed=
2026-08-07 11:39:00 OK port 18181 [quick] height=4198 peers=2 p2p=aligned aligned=True failed=
2026-08-07 11:39:04 OK port 18182 [quick] height=4198 peers=2 p2p=aligned aligned=True failed=
2026-08-07 11:39:06 OK mesh aligned 18180:h4198/p2 18181:h4198/p2 18182:h4198/p2
2026-08-07 11:44:14 WARN OK port 18180 [full] height=4202 peers=2 p2p=inconsistent aligned=True failed=peer_probe_ok
2026-08-07 11:44:23 WARN OK port 18181 [full] height=4202 peers=2 p2p=aligned aligned=True failed=peer_probe_ok,p2p_state_consistent
2026-08-07 11:44:31 WARN OK port 18182 [full] height=4202 peers=2 p2p=inconsistent aligned=True failed=peer_probe_ok
2026-08-07 11:44:33 OK mesh aligned 18180:h4203/p2 18181:h4203/p2 18182:h4203/p2
2026-08-07 11:49:37 OK port 18180 [quick] height=4206 peers=2 p2p=aligned aligned=True failed=
2026-08-07 11:49:41 WARN OK port 18181 [quick] height=4206 peers=2 p2p=inconsistent aligned=True failed=peer_probe_ok,p2p_state_consistent
2026-08-07 11:49:44 WARN OK port 18182 [quick] height=4206 peers=2 p2p=inconsistent aligned=True failed=peer_probe_ok,p2p_state_consistent
2026-08-07 11:49:46 OK mesh aligned 18180:h4206/p2 18181:h4206/p2 18182:h4206/p2
2026-08-07 11:54:49 OK port 18180 [quick] height=4209 peers=2 p2p=aligned aligned=True failed=
2026-08-07 11:54:53 OK port 18181 [quick] height=4209 peers=2 p2p=aligned aligned=True failed=
2026-08-07 11:54:57 OK port 18182 [quick] height=4209 peers=2 p2p=aligned aligned=True failed=
2026-08-07 11:54:58 OK mesh aligned 18180:h4209/p2 18181:h4209/p2 18182:h4209/p2
2026-08-07 12:00:02 WARN OK port 18180 [quick] height=4213 peers=2 p2p=inconsistent aligned=True failed=peer_probe_ok,p2p_state_consistent
2026-08-07 12:00:05 OK port 18181 [quick] height=4213 peers=2 p2p=aligned aligned=True failed=
2026-08-07 12:00:09 WARN OK port 18182 [quick] height=4213 peers=2 p2p=inconsistent aligned=True failed=peer_probe_ok,p2p_state_consistent
2026-08-07 12:00:11 OK mesh aligned 18180:h4213/p2 18181:h4213/p2 18182:h4213/p2
2026-08-07 12:05:14 OK port 18180 [quick] height=4217 peers=2 p2p=aligned aligned=True failed=
2026-08-07 12:05:18 WARN OK port 18181 [quick] height=4217 peers=2 p2p=inconsistent aligned=True failed=peer_probe_ok,p2p_state_consistent
2026-08-07 12:05:21 WARN OK port 18182 [quick] height=4217 peers=2 p2p=inconsistent aligned=True failed=peer_probe_ok,p2p_state_consistent
2026-08-07 12:05:23 OK mesh aligned 18180:h4217/p2 18181:h4217/p2 18182:h4217/p2
2026-08-07 12:10:27 WARN OK port 18180 [quick] height=4221 peers=2 p2p=inconsistent aligned=True failed=peer_probe_ok,p2p_state_consistent
2026-08-07 12:10:28 OK port 18181 [quick] height=4221 peers=2 p2p=aligned aligned=True failed=
2026-08-07 12:10:28 OK port 18182 [quick] height=4221 peers=2 p2p=aligned aligned=True failed=
2026-08-07 12:10:30 OK mesh aligned 18180:h4221/p2 18181:h4221/p2 18182:h4221/p2
2026-08-07 12:15:39 WARN OK port 18180 [full] height=4225 peers=2 p2p=aligned aligned=True failed=peer_probe_ok
2026-08-07 12:15:48 WARN OK port 18181 [full] height=4225 peers=2 p2p=aligned aligned=True failed=peer_probe_ok
2026-08-07 12:15:56 WARN OK port 18182 [full] height=4225 peers=2 p2p=aligned aligned=True failed=peer_probe_ok
2026-08-07 12:15:58 OK mesh aligned 18180:h4225/p2 18181:h4225/p2 18182:h4225/p2
2026-08-07 12:21:01 OK port 18180 [quick] height=4228 peers=2 p2p=aligned aligned=True failed=
2026-08-07 12:21:05 OK port 18181 [quick] height=4228 peers=2 p2p=aligned aligned=True failed=
2026-08-07 12:21:07 OK port 18182 [quick] height=4228 peers=2 p2p=aligned aligned=True failed=
2026-08-07 12:21:09 OK mesh aligned 18180:h4229/p2 18181:h4229/p2 18182:h4229/p2
2026-08-07 12:26:13 OK port 18180 [quick] height=4233 peers=2 p2p=aligned aligned=True failed=
2026-08-07 12:26:15 WARN OK port 18181 [quick] height=4233 peers=2 p2p=aligned aligned=True failed=p2p_state_consistent
2026-08-07 12:26:16 OK port 18182 [quick] height=4233 peers=2 p2p=aligned aligned=True failed=
2026-08-07 12:26:18 OK mesh aligned 18180:h4234/p2 18181:h4233/p2 18182:h4234/p2
2026-08-07 12:31:22 OK port 18180 [quick] height=4237 peers=2 p2p=aligned aligned=True failed=
2026-08-07 12:31:25 OK port 18181 [quick] height=4237 peers=2 p2p=aligned aligned=True failed=
2026-08-07 12:31:29 OK port 18182 [quick] height=4237 peers=2 p2p=aligned aligned=True failed=
2026-08-07 12:31:31 OK mesh aligned 18180:h4237/p2 18181:h4237/p2 18182:h4237/p2
2026-08-07 12:36:34 OK port 18180 [quick] height=4240 peers=2 p2p=aligned aligned=True failed=
2026-08-07 12:36:38 OK port 18181 [quick] height=4240 peers=2 p2p=aligned aligned=True failed=
2026-08-07 12:36:41 OK port 18182 [quick] height=4240 peers=2 p2p=aligned aligned=True failed=
2026-08-07 12:36:43 OK mesh aligned 18180:h4240/p2 18181:h4240/p2 18182:h4240/p2
2026-08-07 12:41:47 OK port 18180 [quick] height=4245 peers=2 p2p=aligned aligned=True failed=
2026-08-07 12:41:51 WARN OK port 18181 [quick] height=4245 peers=2 p2p=inconsistent aligned=True failed=peer_probe_ok,p2p_state_consistent
2026-08-07 12:41:54 OK port 18182 [quick] height=4245 peers=2 p2p=aligned aligned=True failed=
2026-08-07 12:41:56 OK mesh aligned 18180:h4245/p2 18181:h4245/p2 18182:h4245/p2
2026-08-07 12:47:04 WARN OK port 18180 [full] height=4248 peers=2 p2p=aligned aligned=True failed=peer_probe_ok
2026-08-07 12:47:13 WARN OK port 18181 [full] height=4248 peers=2 p2p=aligned aligned=True failed=peer_probe_ok
2026-08-07 12:47:22 WARN OK port 18182 [full] height=4248 peers=2 p2p=aligned aligned=True failed=peer_probe_ok
2026-08-07 12:47:23 OK mesh aligned 18180:h4248/p2 18181:h4248/p2 18182:h4248/p2
2026-08-07 12:52:27 WARN OK port 18180 [quick] height=4252 peers=2 p2p=inconsistent aligned=True failed=peer_probe_ok,p2p_state_consistent
2026-08-07 12:52:31 OK port 18181 [quick] height=4252 peers=2 p2p=aligned aligned=True failed=
2026-08-07 12:52:34 WARN OK port 18182 [quick] height=4252 peers=2 p2p=inconsistent aligned=True failed=peer_probe_ok,p2p_state_consistent
2026-08-07 12:52:36 OK mesh aligned 18180:h4252/p2 18181:h4252/p2 18182:h4252/p2
2026-08-07 12:57:40 OK port 18180 [quick] height=4255 peers=2 p2p=aligned aligned=True failed=
2026-08-07 12:57:43 WARN OK port 18181 [quick] height=4255 peers=2 p2p=inconsistent aligned=True failed=peer_probe_ok,p2p_state_consistent
2026-08-07 12:57:47 OK port 18182 [quick] height=4255 peers=2 p2p=aligned aligned=True failed=
2026-08-07 12:57:49 OK mesh aligned 18180:h4255/p2 18181:h4255/p2 18182:h4255/p2
2026-08-07 13:02:52 OK port 18180 [quick] height=4258 peers=2 p2p=aligned aligned=True failed=
2026-08-07 13:02:56 OK port 18181 [quick] height=4258 peers=2 p2p=aligned aligned=True failed=
2026-08-07 13:02:59 OK port 18182 [quick] height=4258 peers=2 p2p=aligned aligned=True failed=
2026-08-07 13:03:01 OK mesh aligned 18180:h4258/p2 18181:h4258/p2 18182:h4258/p2
2026-08-07 13:08:05 OK port 18180 [quick] height=4261 peers=2 p2p=aligned aligned=True failed=
2026-08-07 13:08:08 OK port 18181 [quick] height=4261 peers=2 p2p=aligned aligned=True failed=
2026-08-07 13:08:12 WARN OK port 18182 [quick] height=4261 peers=2 p2p=inconsistent aligned=True failed=peer_probe_ok,p2p_state_consistent
2026-08-07 13:08:14 OK mesh aligned 18180:h4261/p2 18181:h4261/p2 18182:h4261/p2
2026-08-07 13:13:18 WARN OK port 18180 [quick] height=4265 peers=2 p2p=inconsistent aligned=True failed=peer_probe_ok,p2p_state_consistent
2026-08-07 13:13:20 WARN OK port 18181 [quick] height=4265 peers=2 p2p=inconsistent aligned=True failed=p2p_state_consistent
2026-08-07 13:13:22 OK port 18182 [quick] height=4265 peers=2 p2p=aligned aligned=True failed=
2026-08-07 13:13:24 OK mesh aligned 18180:h4265/p2 18181:h4265/p2 18182:h4265/p2
2026-08-07 13:18:32 WARN OK port 18180 [full] height=4268 peers=2 p2p=aligned aligned=True failed=peer_probe_ok
2026-08-07 13:18:41 WARN OK port 18181 [full] height=4268 peers=2 p2p=aligned aligned=True failed=peer_probe_ok
2026-08-07 13:18:46 OK port 18182 [full] height=4268 peers=2 p2p=inconsistent aligned=True failed=
2026-08-07 13:18:48 OK mesh aligned 18180:h4268/p2 18181:h4268/p2 18182:h4268/p2
2026-08-07 13:23:52 OK port 18180 [quick] height=4272 peers=2 p2p=aligned aligned=True failed=
2026-08-07 13:23:55 OK port 18181 [quick] height=4272 peers=2 p2p=aligned aligned=True failed=
2026-08-07 13:23:59 OK port 18182 [quick] height=4272 peers=2 p2p=aligned aligned=True failed=
2026-08-07 13:24:01 OK mesh aligned 18180:h4272/p2 18181:h4272/p2 18182:h4272/p2
2026-08-07 13:29:04 WARN OK port 18180 [quick] height=4275 peers=2 p2p=inconsistent aligned=True failed=peer_probe_ok,p2p_state_consistent
2026-08-07 13:29:05 OK port 18181 [quick] height=4275 peers=2 p2p=aligned aligned=True failed=
2026-08-07 13:29:06 OK port 18182 [quick] height=4275 peers=2 p2p=aligned aligned=True failed=
2026-08-07 13:29:08 OK mesh aligned 18180:h4275/p2 18181:h4275/p2 18182:h4275/p2
2026-08-07 13:34:11 OK port 18180 [quick] height=4280 peers=2 p2p=inconsistent aligned=True failed=
2026-08-07 13:34:15 OK port 18181 [quick] height=4280 peers=2 p2p=aligned aligned=True failed=
2026-08-07 13:34:19 OK port 18182 [quick] height=4280 peers=2 p2p=aligned aligned=True failed=
2026-08-07 13:34:21 OK mesh aligned 18180:h4280/p2 18181:h4280/p2 18182:h4280/p2
2026-08-07 13:39:24 OK port 18180 [quick] height=4284 peers=2 p2p=aligned aligned=True failed=
2026-08-07 13:39:28 OK port 18181 [quick] height=4284 peers=2 p2p=aligned aligned=True failed=
2026-08-07 13:39:32 OK port 18182 [quick] height=4284 peers=2 p2p=aligned aligned=True failed=
2026-08-07 13:39:34 OK mesh aligned 18180:h4284/p2 18181:h4284/p2 18182:h4284/p2
2026-08-07 13:44:37 WARN OK port 18180 [quick] height=4285 peers=2 p2p=inconsistent aligned=True failed=peer_probe_ok,p2p_state_consistent
2026-08-07 13:44:41 WARN OK port 18181 [quick] height=4285 peers=1 p2p=under_mesh_lagging aligned=True failed=peer_probe_ok,p2p_state_consistent
2026-08-07 13:44:44 WARN OK port 18182 [quick] height=4285 peers=2 p2p=inconsistent aligned=True failed=peer_probe_ok,p2p_state_consistent
2026-08-07 13:44:46 OK mesh aligned 18180:h4285/p2 18181:h4285/p1 18182:h4285/p1
2026-08-07 13:50:10 WARN OK port 18180 [full] height=4285 peers=0 p2p=solo aligned=True failed=ready_flap
2026-08-07 13:50:11 OK port 18181 [full] height=4285 peers=1 p2p=under_mesh aligned=True failed= (p2p not full mesh; chain OK)
2026-08-07 13:50:12 OK port 18182 [full] height=4285 peers=1 p2p=under_mesh aligned=True failed= (p2p not full mesh; chain OK)
2026-08-07 13:50:14 OK mesh aligned 18180:h4285/p0 18181:h4285/p1 18182:h4285/p1
2026-08-07 13:55:17 OK port 18180 [quick] height=4285 peers=2 p2p=inconsistent aligned=True failed=
2026-08-07 13:55:18 OK port 18181 [quick] height=4285 peers=2 p2p=aligned aligned=True failed=
2026-08-07 13:55:19 OK port 18182 [quick] height=4285 peers=2 p2p=aligned aligned=True failed=
2026-08-07 13:55:21 OK mesh aligned 18180:h4285/p2 18181:h4285/p2 18182:h4285/p2
2026-08-07 14:00:25 OK port 18180 [quick] height=4289 peers=2 p2p=aligned aligned=True failed=
2026-08-07 14:00:28 OK port 18181 [quick] height=4289 peers=2 p2p=aligned aligned=True failed=
2026-08-07 14:00:32 OK port 18182 [quick] height=4289 peers=2 p2p=aligned aligned=True failed=
2026-08-07 14:00:34 OK mesh aligned 18180:h4289/p2 18181:h4289/p2 18182:h4289/p2
2026-08-07 14:05:37 OK port 18180 [quick] height=4293 peers=2 p2p=aligned aligned=True failed=
2026-08-07 14:05:41 OK port 18181 [quick] height=4293 peers=2 p2p=aligned aligned=True failed=
2026-08-07 14:05:44 OK port 18182 [quick] height=4293 peers=2 p2p=aligned aligned=True failed=
2026-08-07 14:05:46 OK mesh aligned 18180:h4293/p2 18181:h4293/p2 18182:h4293/p2
2026-08-07 14:10:50 WARN OK port 18180 [quick] height=4297 peers=2 p2p=inconsistent aligned=True failed=peer_probe_ok,p2p_state_consistent
2026-08-07 14:10:51 OK port 18181 [quick] height=4297 peers=2 p2p=aligned aligned=True failed=
2026-08-07 14:10:52 WARN OK port 18182 [quick] height=4297 peers=2 p2p=inconsistent aligned=True failed=p2p_state_consistent
2026-08-07 14:10:54 OK mesh aligned 18180:h4297/p2 18181:h4297/p2 18182:h4297/p2
2026-08-07 14:15:57 WARN OK port 18180 [quick] height=4301 peers=2 p2p=inconsistent aligned=True failed=peer_probe_ok,p2p_state_consistent
2026-08-07 14:16:01 WARN OK port 18181 [quick] height=4301 peers=2 p2p=inconsistent aligned=True failed=peer_probe_ok,p2p_state_consistent
2026-08-07 14:16:05 OK port 18182 [quick] height=4301 peers=2 p2p=aligned aligned=True failed=
2026-08-07 14:16:06 OK mesh aligned 18180:h4301/p2 18181:h4301/p2 18182:h4301/p2
2026-08-07 14:21:16 WARN OK port 18180 [full] height=4305 peers=2 p2p=aligned aligned=True failed=peer_probe_ok
2026-08-07 14:21:24 WARN OK port 18181 [full] height=4305 peers=2 p2p=aligned aligned=True failed=peer_probe_ok
2026-08-07 14:21:33 WARN OK port 18182 [full] height=4305 peers=2 p2p=aligned aligned=True failed=peer_probe_ok
2026-08-07 14:21:35 OK mesh aligned 18180:h4305/p2 18181:h4305/p2 18182:h4305/p2
2026-08-07 14:26:38 OK port 18180 [quick] height=4309 peers=2 p2p=aligned aligned=True failed=
2026-08-07 14:26:42 WARN OK port 18181 [quick] height=4309 peers=2 p2p=inconsistent aligned=True failed=peer_probe_ok,p2p_state_consistent
2026-08-07 14:26:46 OK port 18182 [quick] height=4309 peers=2 p2p=aligned aligned=True failed=
2026-08-07 14:26:48 OK mesh aligned 18180:h4309/p0 18181:h4309/p2 18182:h4309/p2
2026-08-07 14:31:51 OK port 18180 [quick] height=4312 peers=2 p2p=aligned aligned=True failed=
2026-08-07 14:31:55 OK port 18181 [quick] height=4312 peers=2 p2p=aligned aligned=True failed=
2026-08-07 14:31:58 WARN OK port 18182 [quick] height=4312 peers=2 p2p=inconsistent aligned=True failed=peer_probe_ok,p2p_state_consistent
2026-08-07 14:32:00 OK mesh aligned 18180:h4312/p2 18181:h4312/p2 18182:h4312/p2
2026-08-07 14:37:04 OK port 18180 [quick] height=4314 peers=2 p2p=aligned aligned=True failed=
2026-08-07 14:37:08 OK port 18181 [quick] height=4314 peers=2 p2p=aligned aligned=True failed=
2026-08-07 14:37:11 OK port 18182 [quick] height=4314 peers=2 p2p=aligned aligned=True failed=
2026-08-07 14:37:14 OK mesh aligned 18180:h4314/p2 18181:h4314/p2 18182:h4314/p2
2026-08-07 14:42:37 WARN OK port 18180 [quick] height=4315 peers=0 p2p=solo aligned=True failed=ready_flap
2026-08-07 14:42:38 OK port 18181 [quick] height=4315 peers=1 p2p=under_mesh aligned=True failed= (p2p not full mesh; chain OK)
2026-08-07 14:42:39 OK port 18182 [quick] height=4315 peers=1 p2p=under_mesh aligned=True failed= (p2p not full mesh; chain OK)
2026-08-07 14:42:41 OK mesh aligned 18180:h4315/p0 18181:h4315/p1 18182:h4315/p1
2026-08-07 14:48:05 WARN OK port 18180 [quick] height=4315 peers=0 p2p=solo aligned=True failed=ready_flap
2026-08-07 14:48:06 OK port 18181 [quick] height=4315 peers=1 p2p=under_mesh aligned=True failed= (p2p not full mesh; chain OK)
2026-08-07 14:48:07 OK port 18182 [quick] height=4315 peers=1 p2p=under_mesh aligned=True failed= (p2p not full mesh; chain OK)
2026-08-07 14:48:19 WARN mesh probe: port 18180 status: Время ожидания завершения операции истекло.
2026-08-07 14:53:28 WARN OK port 18180 [full] height=4317 peers=2 p2p=aligned aligned=True failed=peer_probe_ok,p2p_state_consistent
2026-08-07 14:53:29 WARN OK port 18181 [full] height=4317 peers=1 p2p=under_mesh aligned=True failed=p2p_state_consistent
2026-08-07 14:53:30 WARN OK port 18182 [full] height=4317 peers=2 p2p=inconsistent aligned=True failed=p2p_state_consistent
2026-08-07 14:53:32 OK mesh aligned 18180:h4317/p1 18181:h4317/p1 18182:h4317/p2
2026-08-07 14:58:36 OK port 18180 [quick] height=4322 peers=2 p2p=aligned aligned=True failed=
2026-08-07 14:58:39 OK port 18181 [quick] height=4322 peers=2 p2p=aligned aligned=True failed=
2026-08-07 14:58:43 OK port 18182 [quick] height=4322 peers=2 p2p=aligned aligned=True failed=
2026-08-07 14:58:45 OK mesh aligned 18180:h4322/p2 18181:h4322/p2 18182:h4322/p2
2026-08-07 15:03:48 WARN OK port 18180 [quick] height=4326 peers=2 p2p=aligned aligned=True failed=peer_probe_ok,p2p_state_consistent
2026-08-07 15:03:52 WARN OK port 18181 [quick] height=4326 peers=2 p2p=aligned aligned=True failed=peer_probe_ok,p2p_state_consistent
2026-08-07 15:03:53 OK port 18182 [quick] height=4326 peers=2 p2p=aligned aligned=True failed=
2026-08-07 15:03:55 OK mesh aligned 18180:h4326/p2 18181:h4326/p2 18182:h4326/p2
2026-08-07 15:09:31 WARN OK port 18180 [quick] height=4327 peers=0 p2p=solo aligned=True failed=ready_flap
2026-08-07 15:09:31 WARN OK port 18181 [quick] height=4327 peers=1 p2p=under_mesh aligned=True failed=p2p_state_consistent
2026-08-07 15:09:33 WARN OK port 18182 [quick] height=4327 peers=1 p2p=under_mesh aligned=True failed=p2p_state_consistent
2026-08-07 15:09:35 OK mesh aligned 18180:h4327/p0 18181:h4327/p1 18182:h4327/p1
2026-08-07 15:14:38 WARN OK port 18180 [quick] height=4329 peers=2 p2p=inconsistent aligned=True failed=peer_probe_ok,p2p_state_consistent
2026-08-07 15:14:43 WARN OK port 18181 [quick] height=4329 peers=2 p2p=inconsistent aligned=True failed=peer_probe_ok,p2p_state_consistent
2026-08-07 15:14:46 OK port 18182 [quick] height=4329 peers=2 p2p=aligned aligned=True failed=
2026-08-07 15:14:48 OK mesh aligned 18180:h4329/p2 18181:h4329/p2 18182:h4329/p2
2026-08-07 15:19:52 OK port 18180 [quick] height=4334 peers=2 p2p=aligned aligned=True failed=
2026-08-07 15:19:56 OK port 18181 [quick] height=4334 peers=2 p2p=aligned aligned=True failed=
2026-08-07 15:19:59 OK port 18182 [quick] height=4334 peers=2 p2p=aligned aligned=True failed=
2026-08-07 15:20:01 OK mesh aligned 18180:h4334/p2 18181:h4334/p2 18182:h4334/p2
2026-08-07 15:25:10 WARN OK port 18180 [full] height=4339 peers=2 p2p=aligned aligned=True failed=peer_probe_ok
2026-08-07 15:25:18 WARN OK port 18181 [full] height=4339 peers=2 p2p=inconsistent aligned=True failed=peer_probe_ok,p2p_state_consistent
2026-08-07 15:25:27 WARN OK port 18182 [full] height=4339 peers=2 p2p=aligned aligned=True failed=peer_probe_ok
2026-08-07 15:25:30 OK mesh aligned 18180:h4339/p2 18181:h4339/p2 18182:h4339/p2
2026-08-07 15:30:33 OK port 18180 [quick] height=4343 peers=2 p2p=aligned aligned=True failed=
2026-08-07 15:30:37 OK port 18181 [quick] height=4343 peers=2 p2p=aligned aligned=True failed=
2026-08-07 15:30:41 OK port 18182 [quick] height=4343 peers=2 p2p=aligned aligned=True failed=
2026-08-07 15:30:43 OK mesh aligned 18180:h4343/p2 18181:h4343/p2 18182:h4343/p2
2026-08-07 15:35:46 OK port 18180 [quick] height=4348 peers=2 p2p=aligned aligned=True failed=
2026-08-07 15:35:50 OK port 18181 [quick] height=4348 peers=2 p2p=aligned aligned=True failed=
2026-08-07 15:35:53 OK port 18182 [quick] height=4348 peers=2 p2p=aligned aligned=True failed=
2026-08-07 15:35:55 OK mesh aligned 18180:h4348/p2 18181:h4348/p2 18182:h4348/p2
2026-08-07 15:40:59 OK port 18180 [quick] height=4353 peers=2 p2p=aligned aligned=True failed=
2026-08-07 15:41:03 OK port 18181 [quick] height=4353 peers=2 p2p=aligned aligned=True failed=
2026-08-07 15:41:04 OK port 18182 [quick] height=4353 peers=2 p2p=aligned aligned=True failed=
2026-08-07 15:41:06 OK mesh aligned 18180:h4353/p2 18181:h4353/p2 18182:h4353/p2
2026-08-07 15:46:09 OK port 18180 [quick] height=4356 peers=2 p2p=aligned aligned=True failed=
2026-08-07 15:46:13 OK port 18181 [quick] height=4356 peers=2 p2p=aligned aligned=True failed=
2026-08-07 15:46:17 OK port 18182 [quick] height=4356 peers=2 p2p=aligned aligned=True failed=
2026-08-07 15:46:19 OK mesh aligned 18180:h4356/p2 18181:h4356/p2 18182:h4356/p2
2026-08-07 15:51:22 OK port 18180 [quick] height=4361 peers=2 p2p=aligned aligned=True failed=
2026-08-07 15:51:26 OK port 18181 [quick] height=4361 peers=2 p2p=aligned aligned=True failed=
2026-08-07 15:51:30 OK port 18182 [quick] height=4361 peers=2 p2p=aligned aligned=True failed=
2026-08-07 15:51:32 OK mesh aligned 18180:h4361/p2 18181:h4361/p2 18182:h4361/p2
2026-08-07 15:56:40 WARN OK port 18180 [full] height=4366 peers=2 p2p=aligned aligned=True failed=peer_probe_ok
2026-08-07 15:56:49 WARN OK port 18181 [full] height=4366 peers=2 p2p=aligned aligned=True failed=peer_probe_ok
2026-08-07 15:56:58 WARN OK port 18182 [full] height=4366 peers=2 p2p=aligned aligned=True failed=peer_probe_ok
2026-08-07 15:57:00 OK mesh aligned 18180:h4366/p2 18181:h4366/p2 18182:h4366/p2
2026-08-07 16:02:03 OK port 18180 [quick] height=4369 peers=2 p2p=aligned aligned=True failed=
2026-08-07 16:02:07 OK port 18181 [quick] height=4369 peers=2 p2p=aligned aligned=True failed=
2026-08-07 16:02:11 OK port 18182 [quick] height=4369 peers=2 p2p=aligned aligned=True failed=
2026-08-07 16:02:13 OK mesh aligned 18180:h4369/p2 18181:h4369/p1 18182:h4369/p2
2026-08-07 16:07:16 WARN OK port 18180 [quick] height=4372 peers=2 p2p=inconsistent aligned=True failed=peer_probe_ok,p2p_state_consistent
2026-08-07 16:07:17 WARN OK port 18181 [quick] height=4372 peers=2 p2p=inconsistent aligned=True failed=p2p_state_consistent
2026-08-07 16:07:18 OK port 18182 [quick] height=4372 peers=2 p2p=aligned aligned=True failed=
2026-08-07 16:07:21 OK mesh aligned 18180:h4372/p2 18181:h4372/p2 18182:h4373/p2
2026-08-07 16:12:25 WARN OK port 18180 [quick] height=4375 peers=2 p2p=inconsistent aligned=True failed=peer_probe_ok,p2p_state_consistent
2026-08-07 16:12:26 OK port 18181 [quick] height=4375 peers=2 p2p=aligned aligned=True failed=
2026-08-07 16:12:27 OK port 18182 [quick] height=4375 peers=2 p2p=aligned aligned=True failed=
2026-08-07 16:12:29 OK mesh aligned 18180:h4375/p2 18181:h4375/p2 18182:h4375/p2
2026-08-07 16:17:33 OK port 18180 [quick] height=4379 peers=2 p2p=aligned aligned=True failed=
2026-08-07 16:17:36 OK port 18181 [quick] height=4379 peers=2 p2p=aligned aligned=True failed=
2026-08-07 16:17:40 OK port 18182 [quick] height=4379 peers=2 p2p=aligned aligned=True failed=
2026-08-07 16:17:42 OK mesh aligned 18180:h4379/p2 18181:h4379/p2 18182:h4379/p2
2026-08-07 16:22:46 OK port 18180 [quick] height=4383 peers=2 p2p=aligned aligned=True failed=
2026-08-07 16:22:48 OK port 18181 [quick] height=4383 peers=2 p2p=aligned aligned=True failed=
2026-08-07 16:22:49 OK port 18182 [quick] height=4383 peers=2 p2p=aligned aligned=True failed=
2026-08-07 16:22:52 OK mesh aligned 18180:h4384/p2 18181:h4383/p2 18182:h4384/p2
2026-08-07 16:28:00 WARN OK port 18180 [full] height=4388 peers=2 p2p=aligned aligned=True failed=peer_probe_ok
2026-08-07 16:28:09 WARN OK port 18181 [full] height=4388 peers=2 p2p=aligned aligned=True failed=peer_probe_ok
2026-08-07 16:28:18 WARN OK port 18182 [full] height=4388 peers=2 p2p=aligned aligned=True failed=peer_probe_ok
2026-08-07 16:28:20 OK mesh aligned 18180:h4388/p2 18181:h4388/p2 18182:h4388/p2
2026-08-07 16:33:24 WARN OK port 18180 [quick] height=4392 peers=2 p2p=inconsistent aligned=True failed=peer_probe_ok,p2p_state_consistent
2026-08-07 16:33:28 WARN OK port 18181 [quick] height=4392 peers=2 p2p=inconsistent aligned=True failed=peer_probe_ok,p2p_state_consistent
2026-08-07 16:33:29 OK port 18182 [quick] height=4392 peers=2 p2p=aligned aligned=True failed=
2026-08-07 16:33:31 OK mesh aligned 18180:h4392/p2 18181:h4392/p2 18182:h4392/p2
2026-08-07 16:38:35 WARN OK port 18180 [quick] height=4396 peers=2 p2p=inconsistent aligned=True failed=peer_probe_ok,p2p_state_consistent
2026-08-07 16:38:38 OK port 18181 [quick] height=4396 peers=2 p2p=aligned aligned=True failed=
2026-08-07 16:38:42 WARN OK port 18182 [quick] height=4396 peers=2 p2p=inconsistent aligned=True failed=peer_probe_ok,p2p_state_consistent
2026-08-07 16:38:44 OK mesh aligned 18180:h4396/p2 18181:h4396/p2 18182:h4396/p2
2026-08-07 16:43:48 OK port 18180 [quick] height=4399 peers=2 p2p=aligned aligned=True failed=
2026-08-07 16:43:52 OK port 18181 [quick] height=4399 peers=2 p2p=aligned aligned=True failed=
2026-08-07 16:43:55 WARN OK port 18182 [quick] height=4399 peers=2 p2p=inconsistent aligned=True failed=peer_probe_ok,p2p_state_consistent
2026-08-07 16:43:57 OK mesh aligned 18180:h4399/p2 18181:h4399/p2 18182:h4399/p2
2026-08-07 16:48:58 OK port 18180 [quick] height=4403 peers=1 p2p=under_mesh aligned=True failed= (p2p not full mesh; chain OK)
2026-08-07 16:48:59 OK port 18181 [quick] height=4403 peers=2 p2p=aligned aligned=True failed=
2026-08-07 16:49:01 OK port 18182 [quick] height=4403 peers=1 p2p=under_mesh aligned=True failed= (p2p not full mesh; chain OK)
2026-08-07 16:49:03 OK mesh aligned 18180:h4403/p1 18181:h4403/p2 18182:h4403/p1
2026-08-07 16:54:06 WARN OK port 18180 [quick] height=4407 peers=2 p2p=inconsistent aligned=True failed=peer_probe_ok,p2p_state_consistent
2026-08-07 16:54:10 WARN OK port 18181 [quick] height=4407 peers=2 p2p=inconsistent aligned=True failed=peer_probe_ok,p2p_state_consistent
2026-08-07 16:54:14 OK port 18182 [quick] height=4407 peers=2 p2p=aligned aligned=True failed=
2026-08-07 16:54:16 OK mesh aligned 18180:h4407/p2 18181:h4407/p2 18182:h4407/p2
2026-08-07 16:59:25 WARN OK port 18180 [full] height=4410 peers=2 p2p=inconsistent aligned=True failed=peer_probe_ok,p2p_state_consistent
2026-08-07 16:59:26 OK port 18181 [full] height=4410 peers=2 p2p=aligned aligned=True failed=
2026-08-07 16:59:34 WARN OK port 18182 [full] height=4410 peers=2 p2p=inconsistent aligned=True failed=peer_probe_ok,p2p_state_consistent
2026-08-07 16:59:37 OK mesh aligned 18180:h4410/p2 18181:h4410/p2 18182:h4410/p2
2026-08-07 17:04:41 WARN OK port 18180 [quick] height=4414 peers=2 p2p=inconsistent aligned=True failed=peer_probe_ok,p2p_state_consistent
2026-08-07 17:04:45 OK port 18181 [quick] height=4414 peers=2 p2p=aligned aligned=True failed=
2026-08-07 17:04:48 WARN OK port 18182 [quick] height=4414 peers=2 p2p=inconsistent aligned=True failed=peer_probe_ok,p2p_state_consistent
2026-08-07 17:04:51 OK mesh aligned 18180:h4414/p2 18181:h4414/p2 18182:h4414/p2
2026-08-07 17:09:54 OK port 18180 [quick] height=4418 peers=2 p2p=aligned aligned=True failed=
2026-08-07 17:09:58 WARN OK port 18181 [quick] height=4418 peers=2 p2p=inconsistent aligned=True failed=peer_probe_ok,p2p_state_consistent
2026-08-07 17:10:02 OK port 18182 [quick] height=4418 peers=2 p2p=aligned aligned=True failed=
2026-08-07 17:10:04 OK mesh aligned 18180:h4418/p2 18181:h4418/p2 18182:h4418/p2
2026-08-07 17:15:08 OK port 18180 [quick] height=4423 peers=2 p2p=aligned aligned=True failed=
2026-08-07 17:15:12 OK port 18181 [quick] height=4423 peers=2 p2p=aligned aligned=True failed=
2026-08-07 17:15:15 OK port 18182 [quick] height=4423 peers=2 p2p=aligned aligned=True failed=
2026-08-07 17:15:17 OK mesh aligned 18180:h4423/p2 18181:h4423/p2 18182:h4423/p2
2026-08-07 17:20:21 OK port 18180 [quick] height=4427 peers=2 p2p=aligned aligned=True failed=
2026-08-07 17:20:25 OK port 18181 [quick] height=4427 peers=2 p2p=aligned aligned=True failed=
2026-08-07 17:20:29 OK port 18182 [quick] height=4427 peers=2 p2p=aligned aligned=True failed=
2026-08-07 17:20:31 OK mesh aligned 18180:h4427/p2 18181:h4427/p2 18182:h4427/p2
2026-08-07 17:25:35 OK port 18180 [quick] height=4432 peers=2 p2p=aligned aligned=True failed=
2026-08-07 17:25:39 OK port 18181 [quick] height=4432 peers=2 p2p=aligned aligned=True failed=
2026-08-07 17:25:43 OK port 18182 [quick] height=4432 peers=2 p2p=aligned aligned=True failed=
2026-08-07 17:25:45 OK mesh aligned 18180:h4432/p2 18181:h4432/p2 18182:h4432/p2
2026-08-07 17:30:54 WARN OK port 18180 [full] height=4436 peers=2 p2p=aligned aligned=True failed=peer_probe_ok
2026-08-07 17:31:02 WARN OK port 18181 [full] height=4436 peers=2 p2p=aligned aligned=True failed=peer_probe_ok
2026-08-07 17:31:11 WARN OK port 18182 [full] height=4436 peers=2 p2p=inconsistent aligned=True failed=peer_probe_ok,p2p_state_consistent
2026-08-07 17:31:13 OK mesh aligned 18180:h4436/p2 18181:h4436/p2 18182:h4436/p2
2026-08-07 17:36:17 WARN OK port 18180 [quick] height=4439 peers=2 p2p=inconsistent aligned=True failed=peer_probe_ok,p2p_state_consistent
2026-08-07 17:36:18 OK port 18181 [quick] height=4439 peers=2 p2p=aligned aligned=True failed=
2026-08-07 17:36:19 OK port 18182 [quick] height=4439 peers=2 p2p=aligned aligned=True failed=
2026-08-07 17:36:21 OK mesh aligned 18180:h4439/p2 18181:h4439/p2 18182:h4439/p2
2026-08-07 17:41:25 OK port 18180 [quick] height=4442 peers=2 p2p=aligned aligned=True failed=
2026-08-07 17:41:29 OK port 18181 [quick] height=4442 peers=2 p2p=aligned aligned=True failed=
2026-08-07 17:41:33 OK port 18182 [quick] height=4442 peers=2 p2p=aligned aligned=True failed=
2026-08-07 17:41:36 OK mesh aligned 18180:h4442/p2 18181:h4442/p2 18182:h4442/p2
2026-08-07 17:46:39 OK port 18180 [quick] height=4445 peers=2 p2p=aligned aligned=True failed=
2026-08-07 17:46:43 WARN OK port 18181 [quick] height=4445 peers=2 p2p=inconsistent aligned=True failed=peer_probe_ok,p2p_state_consistent
2026-08-07 17:46:47 OK port 18182 [quick] height=4445 peers=2 p2p=aligned aligned=True failed=
2026-08-07 17:46:49 OK mesh aligned 18180:h4445/p2 18181:h4445/p2 18182:h4445/p2
2026-08-07 17:51:53 WARN OK port 18180 [quick] height=4450 peers=2 p2p=inconsistent aligned=True failed=peer_probe_ok,p2p_state_consistent
2026-08-07 17:51:57 OK port 18181 [quick] height=4450 peers=2 p2p=aligned aligned=True failed=
2026-08-07 17:52:01 OK port 18182 [quick] height=4450 peers=2 p2p=aligned aligned=True failed=
2026-08-07 17:52:03 OK mesh aligned 18180:h4450/p2 18181:h4450/p2 18182:h4450/p2
2026-08-07 17:57:07 OK port 18180 [quick] height=4453 peers=2 p2p=aligned aligned=True failed=
2026-08-07 17:57:11 OK port 18181 [quick] height=4453 peers=2 p2p=aligned aligned=True failed=
2026-08-07 17:57:14 OK port 18182 [quick] height=4453 peers=2 p2p=aligned aligned=True failed=
2026-08-07 17:57:17 OK mesh aligned 18180:h4453/p2 18181:h4453/p2 18182:h4453/p2
2026-08-07 18:02:23 OK port 18180 [full] height=4455 peers=2 p2p=inconsistent aligned=True failed=
2026-08-07 18:02:24 OK port 18181 [full] height=4455 peers=2 p2p=aligned aligned=True failed=
2026-08-07 18:02:25 OK port 18182 [full] height=4455 peers=2 p2p=aligned aligned=True failed=
2026-08-07 18:02:27 OK mesh aligned 18180:h4455/p2 18181:h4455/p2 18182:h4455/p2
2026-08-07 18:07:31 OK port 18180 [quick] height=4459 peers=2 p2p=aligned aligned=True failed=
2026-08-07 18:07:35 OK port 18181 [quick] height=4459 peers=2 p2p=aligned aligned=True failed=
2026-08-07 18:07:36 OK port 18182 [quick] height=4459 peers=1 p2p=under_mesh aligned=True failed= (p2p not full mesh; chain OK)
2026-08-07 18:07:38 OK mesh aligned 18180:h4459/p1 18181:h4459/p2 18182:h4459/p2
2026-08-07 18:12:42 OK port 18180 [quick] height=4462 peers=2 p2p=aligned aligned=True failed=
2026-08-07 18:12:44 OK port 18181 [quick] height=4462 peers=2 p2p=aligned aligned=True failed=
2026-08-07 18:12:48 OK port 18182 [quick] height=4463 peers=2 p2p=aligned aligned=True failed=
2026-08-07 18:12:50 OK mesh aligned 18180:h4463/p2 18181:h4463/p2 18182:h4463/p2
2026-08-07 18:17:51 OK port 18180 [quick] height=4467 peers=2 p2p=aligned aligned=True failed=
2026-08-07 18:17:55 OK port 18181 [quick] height=4468 peers=2 p2p=aligned aligned=True failed=
2026-08-07 18:17:59 OK port 18182 [quick] height=4468 peers=2 p2p=aligned aligned=True failed=
2026-08-07 18:18:01 OK mesh aligned 18180:h4468/p2 18181:h4468/p2 18182:h4468/p2
2026-08-07 18:23:05 OK port 18180 [quick] height=4472 peers=2 p2p=aligned aligned=True failed=
2026-08-07 18:23:09 WARN OK port 18181 [quick] height=4472 peers=2 p2p=inconsistent aligned=True failed=peer_probe_ok,p2p_state_consistent
2026-08-07 18:23:10 OK port 18182 [quick] height=4472 peers=1 p2p=under_mesh aligned=True failed= (p2p not full mesh; chain OK)
2026-08-07 18:23:12 OK mesh aligned 18180:h4472/p2 18181:h4472/p2 18182:h4472/p2
2026-08-07 18:28:16 OK port 18180 [quick] height=4476 peers=2 p2p=aligned aligned=True failed=
2026-08-07 18:28:20 OK port 18181 [quick] height=4476 peers=2 p2p=aligned aligned=True failed=
2026-08-07 18:28:24 WARN OK port 18182 [quick] height=4476 peers=2 p2p=inconsistent aligned=True failed=peer_probe_ok,p2p_state_consistent
2026-08-07 18:28:26 OK mesh aligned 18180:h4476/p2 18181:h4476/p2 18182:h4476/p2
2026-08-07 18:33:35 WARN OK port 18180 [full] height=4480 peers=2 p2p=aligned aligned=True failed=peer_probe_ok
2026-08-07 18:33:44 WARN OK port 18181 [full] height=4480 peers=2 p2p=aligned aligned=True failed=peer_probe_ok
2026-08-07 18:33:52 WARN OK port 18182 [full] height=4480 peers=2 p2p=aligned aligned=True failed=peer_probe_ok
2026-08-07 18:33:55 OK mesh aligned 18180:h4480/p2 18181:h4480/p2 18182:h4480/p2
2026-08-07 18:38:58 OK port 18180 [quick] height=4485 peers=2 p2p=aligned aligned=True failed=
2026-08-07 18:39:02 OK port 18181 [quick] height=4485 peers=2 p2p=aligned aligned=True failed=
2026-08-07 18:39:06 OK port 18182 [quick] height=4485 peers=2 p2p=aligned aligned=True failed=
2026-08-07 18:39:08 OK mesh aligned 18180:h4485/p2 18181:h4485/p2 18182:h4485/p2
2026-08-07 18:44:12 OK port 18180 [quick] height=4490 peers=2 p2p=aligned aligned=True failed=
2026-08-07 18:44:16 OK port 18181 [quick] height=4490 peers=2 p2p=aligned aligned=True failed=
2026-08-07 18:44:20 WARN OK port 18182 [quick] height=4490 peers=2 p2p=inconsistent aligned=True failed=peer_probe_ok,p2p_state_consistent
2026-08-07 18:44:22 OK mesh aligned 18180:h4490/p2 18181:h4490/p2 18182:h4490/p2
2026-08-07 18:49:26 OK port 18180 [quick] height=4494 peers=2 p2p=aligned aligned=True failed=
2026-08-07 18:49:29 OK port 18181 [quick] height=4494 peers=2 p2p=aligned aligned=True failed=
2026-08-07 18:49:33 OK port 18182 [quick] height=4494 peers=2 p2p=aligned aligned=True failed=
2026-08-07 18:49:36 OK mesh aligned 18180:h4494/p2 18181:h4494/p2 18182:h4494/p2
2026-08-07 18:54:39 OK port 18180 [quick] height=4498 peers=2 p2p=aligned aligned=True failed=
2026-08-07 18:54:43 WARN OK port 18181 [quick] height=4498 peers=2 p2p=inconsistent aligned=True failed=peer_probe_ok,p2p_state_consistent
2026-08-07 18:54:47 OK port 18182 [quick] height=4498 peers=2 p2p=aligned aligned=True failed=
2026-08-07 18:54:49 OK mesh aligned 18180:h4498/p2 18181:h4498/p2 18182:h4498/p2
2026-08-07 18:59:53 OK port 18180 [quick] height=4498 peers=2 p2p=aligned aligned=True failed=
2026-08-07 18:59:57 OK port 18181 [quick] height=4498 peers=2 p2p=aligned aligned=True failed=
2026-08-07 19:00:00 OK port 18182 [quick] height=4498 peers=2 p2p=aligned aligned=True failed=
2026-08-07 19:00:03 OK mesh aligned 18180:h4498/p2 18181:h4498/p2 18182:h4498/p2
2026-08-07 19:05:12 WARN OK port 18180 [full] height=4499 peers=1 p2p=under_mesh aligned=True failed=peer_probe_ok,p2p_state_consistent
2026-08-07 19:05:13 OK port 18181 [full] height=4499 peers=1 p2p=under_mesh aligned=True failed= (p2p not full mesh; chain OK)
2026-08-07 19:05:14 WARN OK port 18182 [full] height=4499 peers=1 p2p=under_mesh aligned=True failed=p2p_state_consistent
2026-08-07 19:05:17 OK mesh aligned 18180:h4499/p1 18181:h4499/p1 18182:h4499/p1
2026-08-07 19:10:20 WARN OK port 18180 [quick] height=4499 peers=1 p2p=under_mesh aligned=True failed=peer_probe_ok,p2p_state_consistent
2026-08-07 19:10:21 OK port 18181 [quick] height=4499 peers=1 p2p=under_mesh aligned=True failed= (p2p not full mesh; chain OK)
2026-08-07 19:10:22 WARN OK port 18182 [quick] height=4499 peers=1 p2p=under_mesh aligned=True failed=p2p_state_consistent
2026-08-07 19:10:25 OK mesh aligned 18180:h4499/p1 18181:h4499/p1 18182:h4499/p1
2026-08-07 19:15:29 WARN OK port 18180 [quick] height=4501 peers=2 p2p=inconsistent aligned=True failed=peer_probe_ok,p2p_state_consistent
2026-08-07 19:15:30 OK port 18181 [quick] height=4501 peers=1 p2p=under_mesh aligned=True failed= (p2p not full mesh; chain OK)
2026-08-07 19:15:34 OK port 18182 [quick] height=4501 peers=2 p2p=aligned aligned=True failed=
2026-08-07 19:15:36 OK mesh aligned 18180:h4501/p2 18181:h4501/p1 18182:h4501/p2
2026-08-07 19:20:40 OK port 18180 [quick] height=4504 peers=2 p2p=aligned aligned=True failed=
2026-08-07 19:20:43 OK port 18181 [quick] height=4504 peers=2 p2p=aligned aligned=True failed=
2026-08-07 19:20:47 OK port 18182 [quick] height=4504 peers=2 p2p=aligned aligned=True failed=
2026-08-07 19:20:51 OK mesh aligned 18180:h4504/p2 18181:h4504/p2 18182:h4504/p2
2026-08-07 19:25:54 OK port 18180 [quick] height=4509 peers=2 p2p=aligned aligned=True failed=
2026-08-07 19:25:58 OK port 18181 [quick] height=4509 peers=2 p2p=aligned aligned=True failed=
2026-08-07 19:26:02 OK port 18182 [quick] height=4509 peers=2 p2p=aligned aligned=True failed=
2026-08-07 19:26:04 OK mesh aligned 18180:h4509/p2 18181:h4509/p2 18182:h4509/p2
2026-08-07 19:31:08 OK port 18180 [quick] height=4512 peers=2 p2p=aligned aligned=True failed=
2026-08-07 19:31:12 OK port 18181 [quick] height=4512 peers=2 p2p=aligned aligned=True failed=
2026-08-07 19:31:16 OK port 18182 [quick] height=4512 peers=2 p2p=aligned aligned=True failed=
2026-08-07 19:31:18 OK mesh aligned 18180:h4512/p2 18181:h4512/p2 18182:h4512/p2
2026-08-07 19:36:27 WARN OK port 18180 [full] height=4517 peers=2 p2p=aligned aligned=True failed=peer_probe_ok
2026-08-07 19:36:36 WARN OK port 18181 [full] height=4517 peers=2 p2p=aligned aligned=True failed=peer_probe_ok
2026-08-07 19:36:40 OK port 18182 [full] height=4517 peers=2 p2p=aligned aligned=True failed=
2026-08-07 19:36:42 OK mesh aligned 18180:h4517/p2 18181:h4517/p2 18182:h4517/p2
2026-08-07 19:41:46 OK port 18180 [quick] height=4522 peers=2 p2p=aligned aligned=True failed=
2026-08-07 19:41:50 WARN OK port 18181 [quick] height=4522 peers=2 p2p=inconsistent aligned=True failed=peer_probe_ok,p2p_state_consistent
2026-08-07 19:41:54 OK port 18182 [quick] height=4522 peers=2 p2p=aligned aligned=True failed=
2026-08-07 19:41:56 OK mesh aligned 18180:h4522/p2 18181:h4522/p2 18182:h4522/p2
2026-08-07 19:47:00 OK port 18180 [quick] height=4526 peers=2 p2p=aligned aligned=True failed=
2026-08-07 19:47:04 OK port 18181 [quick] height=4526 peers=1 p2p=under_mesh aligned=True failed= (p2p not full mesh; chain OK)
2026-08-07 19:47:08 OK port 18182 [quick] height=4526 peers=2 p2p=inconsistent aligned=True failed=
2026-08-07 19:47:10 OK mesh aligned 18180:h4526/p1 18181:h4526/p1 18182:h4526/p2
2026-08-07 19:52:14 OK port 18180 [quick] height=4530 peers=2 p2p=aligned aligned=True failed=
2026-08-07 19:52:18 OK port 18181 [quick] height=4530 peers=2 p2p=inconsistent aligned=True failed=
2026-08-07 19:52:22 WARN OK port 18182 [quick] height=4531 peers=2 p2p=inconsistent aligned=True failed=peer_probe_ok,p2p_state_consistent
2026-08-07 19:52:24 OK mesh aligned 18180:h4531/p2 18181:h4531/p2 18182:h4531/p2
2026-08-07 19:57:28 WARN OK port 18180 [quick] height=4533 peers=2 p2p=inconsistent aligned=True failed=peer_probe_ok,p2p_state_consistent
2026-08-07 19:57:29 OK port 18181 [quick] height=4533 peers=2 p2p=aligned aligned=True failed=
2026-08-07 19:57:33 OK port 18182 [quick] height=4533 peers=2 p2p=aligned aligned=True failed=
2026-08-07 19:57:35 OK mesh aligned 18180:h4533/p2 18181:h4534/p2 18182:h4534/p2
2026-08-07 20:02:39 OK port 18180 [quick] height=4537 peers=2 p2p=aligned aligned=True failed=
2026-08-07 20:02:43 OK port 18181 [quick] height=4537 peers=2 p2p=aligned aligned=True failed=
2026-08-07 20:02:47 OK port 18182 [quick] height=4537 peers=2 p2p=aligned aligned=True failed=
2026-08-07 20:02:49 OK mesh aligned 18180:h4537/p2 18181:h4537/p2 18182:h4537/p2
2026-08-07 20:07:58 WARN OK port 18180 [full] height=4540 peers=2 p2p=inconsistent aligned=True failed=peer_probe_ok,p2p_state_consistent
2026-08-07 20:07:59 OK port 18181 [full] height=4540 peers=2 p2p=aligned aligned=True failed=
2026-08-07 20:08:00 OK port 18182 [full] height=4540 peers=2 p2p=aligned aligned=True failed=
2026-08-07 20:08:03 OK mesh aligned 18180:h4540/p2 18181:h4540/p2 18182:h4540/p2
2026-08-07 20:13:07 OK port 18180 [quick] height=4544 peers=2 p2p=aligned aligned=True failed=
2026-08-07 20:13:10 OK port 18181 [quick] height=4544 peers=2 p2p=aligned aligned=True failed=
2026-08-07 20:13:14 OK port 18182 [quick] height=4544 peers=2 p2p=aligned aligned=True failed=
2026-08-07 20:13:17 OK mesh aligned 18180:h4544/p2 18181:h4544/p2 18182:h4544/p2
2026-08-07 20:18:21 OK port 18180 [quick] height=4549 peers=2 p2p=aligned aligned=True failed=
2026-08-07 20:18:25 OK port 18181 [quick] height=4549 peers=2 p2p=aligned aligned=True failed=
2026-08-07 20:18:29 OK port 18182 [quick] height=4549 peers=2 p2p=aligned aligned=True failed=
2026-08-07 20:18:31 OK mesh aligned 18180:h4549/p2 18181:h4549/p2 18182:h4549/p2
2026-08-07 20:23:35 OK port 18180 [quick] height=4553 peers=2 p2p=aligned aligned=True failed=
2026-08-07 20:23:39 WARN OK port 18181 [quick] height=4553 peers=2 p2p=inconsistent aligned=True failed=peer_probe_ok,p2p_state_consistent
2026-08-07 20:23:43 OK port 18182 [quick] height=4553 peers=2 p2p=aligned aligned=True failed=
2026-08-07 20:23:46 OK mesh aligned 18180:h4553/p2 18181:h4553/p2 18182:h4553/p2
2026-08-07 20:28:49 OK port 18180 [quick] height=4557 peers=2 p2p=aligned aligned=True failed=
2026-08-07 20:28:53 OK port 18181 [quick] height=4557 peers=2 p2p=aligned aligned=True failed=
2026-08-07 20:28:57 OK port 18182 [quick] height=4557 peers=2 p2p=aligned aligned=True failed=
2026-08-07 20:29:00 OK mesh aligned 18180:h4557/p2 18181:h4557/p2 18182:h4557/p2
2026-08-07 20:34:03 WARN OK port 18180 [quick] height=4560 peers=2 p2p=inconsistent aligned=True failed=peer_probe_ok,p2p_state_consistent
2026-08-07 20:34:07 OK port 18181 [quick] height=4560 peers=2 p2p=aligned aligned=True failed=
2026-08-07 20:34:09 OK port 18182 [quick] height=4560 peers=2 p2p=inconsistent aligned=True failed=
2026-08-07 20:34:12 OK mesh aligned 18180:h4560/p2 18181:h4560/p2 18182:h4560/p2
2026-08-07 20:39:21 WARN OK port 18180 [full] height=4563 peers=2 p2p=aligned aligned=True failed=peer_probe_ok
2026-08-07 20:39:29 OK port 18181 [full] height=4563 peers=2 p2p=aligned aligned=True failed=
2026-08-07 20:39:38 WARN OK port 18182 [full] height=4563 peers=2 p2p=aligned aligned=True failed=peer_probe_ok
2026-08-07 20:39:40 OK mesh aligned 18180:h4563/p2 18181:h4563/p2 18182:h4563/p2
2026-08-07 20:44:44 WARN OK port 18180 [quick] height=4565 peers=2 p2p=inconsistent aligned=True failed=peer_probe_ok,p2p_state_consistent
2026-08-07 20:44:48 OK port 18181 [quick] height=4565 peers=2 p2p=aligned aligned=True failed=
2026-08-07 20:44:49 OK port 18182 [quick] height=4565 peers=2 p2p=aligned aligned=True failed=
2026-08-07 20:44:52 OK mesh aligned 18180:h4565/p2 18181:h4565/p2 18182:h4565/p2
2026-08-07 20:49:56 WARN OK port 18180 [quick] height=4568 peers=2 p2p=inconsistent aligned=True failed=peer_probe_ok,p2p_state_consistent
2026-08-07 20:49:57 OK port 18181 [quick] height=4568 peers=2 p2p=aligned aligned=True failed=
2026-08-07 20:49:58 OK port 18182 [quick] height=4568 peers=2 p2p=aligned aligned=True failed=
2026-08-07 20:50:01 OK mesh aligned 18180:h4568/p2 18181:h4568/p2 18182:h4568/p2
2026-08-07 20:55:02 WARN OK port 18180 [quick] height=4571 peers=1 p2p=under_mesh aligned=True failed=p2p_state_consistent
2026-08-07 20:55:03 OK port 18181 [quick] height=4571 peers=2 p2p=aligned aligned=True failed=
2026-08-07 20:55:08 OK port 18182 [quick] height=4571 peers=2 p2p=aligned aligned=True failed=
2026-08-07 20:55:10 OK mesh aligned 18180:h4571/p2 18181:h4571/p2 18182:h4571/p2
2026-08-07 21:00:14 WARN OK port 18180 [quick] height=4573 peers=2 p2p=inconsistent aligned=True failed=peer_probe_ok,p2p_state_consistent
2026-08-07 21:00:15 OK port 18181 [quick] height=4573 peers=1 p2p=under_mesh aligned=True failed= (p2p not full mesh; chain OK)
2026-08-07 21:00:17 OK port 18182 [quick] height=4573 peers=1 p2p=under_mesh aligned=True failed= (p2p not full mesh; chain OK)
2026-08-07 21:00:19 OK mesh aligned 18180:h4573/p2 18181:h4573/p2 18182:h4573/p2
2026-08-07 21:05:23 OK port 18180 [quick] height=4578 peers=2 p2p=aligned aligned=True failed=
2026-08-07 21:05:27 OK port 18181 [quick] height=4578 peers=2 p2p=aligned aligned=True failed=
2026-08-07 21:05:31 OK port 18182 [quick] height=4578 peers=2 p2p=aligned aligned=True failed=
2026-08-07 21:05:33 OK mesh aligned 18180:h4578/p2 18181:h4578/p2 18182:h4578/p2
2026-08-07 21:10:35 WARN OK port 18180 [full] height=4582 peers=1 p2p=under_mesh aligned=True failed=p2p_state_consistent
2026-08-07 21:10:36 OK port 18181 [full] height=4582 peers=1 p2p=under_mesh aligned=True failed= (p2p not full mesh; chain OK)
2026-08-07 21:10:40 OK port 18182 [full] height=4582 peers=2 p2p=inconsistent aligned=True failed=
2026-08-07 21:10:42 OK mesh aligned 18180:h4582/p1 18181:h4582/p1 18182:h4582/p2
2026-08-07 21:15:46 OK port 18180 [quick] height=4586 peers=2 p2p=aligned aligned=True failed=
2026-08-07 21:15:50 OK port 18181 [quick] height=4586 peers=2 p2p=aligned aligned=True failed=
2026-08-07 21:15:54 WARN OK port 18182 [quick] height=4586 peers=2 p2p=inconsistent aligned=True failed=peer_probe_ok,p2p_state_consistent
2026-08-07 21:15:57 OK mesh aligned 18180:h4586/p2 18181:h4586/p2 18182:h4586/p2
2026-08-07 21:21:00 OK port 18180 [quick] height=4590 peers=2 p2p=aligned aligned=True failed=
2026-08-07 21:21:04 OK port 18181 [quick] height=4590 peers=2 p2p=aligned aligned=True failed=
2026-08-07 21:21:08 OK port 18182 [quick] height=4590 peers=2 p2p=aligned aligned=True failed=
2026-08-07 21:21:11 OK mesh aligned 18180:h4590/p2 18181:h4590/p2 18182:h4590/p2
2026-08-07 21:26:15 OK port 18180 [quick] height=4594 peers=2 p2p=aligned aligned=True failed=
2026-08-07 21:26:19 OK port 18181 [quick] height=4594 peers=2 p2p=aligned aligned=True failed=
2026-08-07 21:26:21 WARN OK port 18182 [quick] height=4594 peers=2 p2p=aligned aligned=True failed=p2p_state_consistent
2026-08-07 21:26:24 OK mesh aligned 18180:h4594/p2 18181:h4594/p2 18182:h4594/p2
2026-08-07 21:31:28 OK port 18180 [quick] height=4599 peers=2 p2p=aligned aligned=True failed=
2026-08-07 21:31:32 OK port 18181 [quick] height=4599 peers=2 p2p=aligned aligned=True failed=
2026-08-07 21:31:35 OK port 18182 [quick] height=4599 peers=2 p2p=aligned aligned=True failed=
2026-08-07 21:31:38 OK mesh aligned 18180:h4599/p2 18181:h4599/p2 18182:h4599/p2
2026-08-07 21:36:42 OK port 18180 [quick] height=4604 peers=2 p2p=aligned aligned=True failed=
2026-08-07 21:36:46 OK port 18181 [quick] height=4604 peers=2 p2p=aligned aligned=True failed=
2026-08-07 21:36:50 OK port 18182 [quick] height=4604 peers=2 p2p=aligned aligned=True failed=
2026-08-07 21:36:52 OK mesh aligned 18180:h4604/p2 18181:h4604/p2 18182:h4604/p2
2026-08-07 21:42:01 WARN OK port 18180 [full] height=4609 peers=2 p2p=aligned aligned=True failed=peer_probe_ok
2026-08-07 21:42:05 OK port 18181 [full] height=4609 peers=2 p2p=aligned aligned=True failed=
2026-08-07 21:42:07 OK port 18182 [full] height=4609 peers=2 p2p=aligned aligned=True failed=
2026-08-07 21:42:09 OK mesh aligned 18180:h4610/p2 18181:h4610/p2 18182:h4610/p2
2026-08-07 21:47:13 OK port 18180 [quick] height=4614 peers=2 p2p=aligned aligned=True failed=
2026-08-07 21:47:15 OK port 18181 [quick] height=4614 peers=2 p2p=aligned aligned=True failed=
2026-08-07 21:47:18 OK port 18182 [quick] height=4614 peers=2 p2p=aligned aligned=True failed=
2026-08-07 21:47:21 OK mesh aligned 18180:h4615/p2 18181:h4615/p2 18182:h4615/p2
2026-08-07 21:52:25 OK port 18180 [quick] height=4619 peers=2 p2p=aligned aligned=True failed=
2026-08-07 21:52:29 WARN OK port 18181 [quick] height=4619 peers=2 p2p=inconsistent aligned=True failed=peer_probe_ok,p2p_state_consistent
2026-08-07 21:52:33 WARN OK port 18182 [quick] height=4619 peers=2 p2p=aligned aligned=True failed=peer_probe_ok,p2p_state_consistent
2026-08-07 21:52:35 OK mesh aligned 18180:h4619/p2 18181:h4619/p2 18182:h4619/p2
2026-08-07 21:55:58 OK port 18180 [quick] height=4622 peers=2 p2p=aligned aligned=True failed=
2026-08-07 21:56:02 OK port 18181 [quick] height=4622 peers=2 p2p=aligned aligned=True failed=
2026-08-07 21:56:04 OK port 18182 [quick] height=4622 peers=2 p2p=aligned aligned=True failed=
2026-08-07 21:56:06 OK mesh aligned 18180:h4623/p2 18181:h4622/p2 18182:h4623/p2
2026-08-07 21:56:06 health_watch done (duration 2880m cycles=555 hard_fails=0)
